gene,variant,pmid
gyrA,S83I,25631675
gyrA,S83L,25631675
gyrA,D87Y,25631675
gyrA,D87G,25631675
gyrA,D87N,25631675
gyrA,D87H,25631675
gyrA,A67S,2548439
gyrA,S83W,2548439
gyrA,Q106H,2548439
gyrA,S83L,8388197
gyrA,S83W,1850972
gyrA,D87V,1850972
gyrA,S83L,7840592
gyrA,D87N,7840592
gyrA,S83L,7840592
gyrA,D87Y,7840592
gyrA,A67S,2168148
gyrA,G81C,2168148
gyrA,A84P,2168148
gyrA,Q106H,2168148
gyrA,S83F,27559761
gyrA,D87N,27559761
gyrA,D87Y,27559761
gyrA,S97P,27559761
gyrA,N57K,27920866
gyrA,H80P,27920866
gyrB,E466D,19104017
gyrB,S463A,25106550
gyrB,S464Y,25106550
parC,S80I,25631675
parC,E84G,25631675
parC,W106G,27630841
parC,A85T,27620866
parC,D111H,27620866
parC,S129P,27620866
parE,D476N,25631675
parE,V461G,19104017