"V1","arpA","ArpAgpE","chuA.1b","trpAgpC","trpBA","TspE4.C2","yjaA","phylogroup"
"15966_8_1",0,0,1,0,1,1,1,"B2"
"15966_8_10",0,0,1,1,1,0,0,"F"
"15966_8_11",1,0,1,1,1,0,0,"D"
"15966_8_12",0,0,1,0,1,1,1,"B2"
"15966_8_13",0,0,1,0,1,0,1,"B2"
"15966_8_14",1,0,1,1,1,0,0,"D"
"15966_8_15",1,0,0,0,1,1,0,"B1"
"15966_8_16",1,0,1,1,1,0,0,"D"
"15966_8_17",1,0,1,1,1,0,0,"D"
"15966_8_18",1,0,0,1,1,1,0,"B1"
"15966_8_19",0,1,1,1,1,0,0,"F"
"15966_8_2",0,0,1,0,1,0,1,"B2"
"15966_8_22",0,0,1,0,1,0,0,"F"
"15966_8_23",1,0,1,1,1,0,0,"D"
"15966_8_24",1,0,1,0,1,0,0,"D"
"15966_8_25",0,0,1,0,1,0,1,"B2"
"15966_8_26",1,0,0,1,1,0,1,"C"
"15966_8_27",1,0,1,0,1,0,0,"D"
"15966_8_28",1,0,1,1,1,0,0,"D"
"15966_8_29",0,0,1,0,1,0,1,"B2"
"15966_8_3",1,0,0,0,1,0,0,"A"
"15966_8_30",0,0,1,0,1,1,1,"B2"
"15966_8_31",1,0,0,0,1,0,1,"A"
"15966_8_32",0,0,1,0,1,1,1,"B2"
"15966_8_33",1,0,1,0,1,0,0,"D"
"15966_8_34",1,0,0,0,1,0,1,"A"
"15966_8_35",0,0,1,0,1,1,1,"B2"
"15966_8_36",1,0,0,0,1,0,1,"A"
"15966_8_38",0,0,1,0,1,1,1,"B2"
"15966_8_39",1,0,1,1,1,0,0,"D"
"15966_8_4",0,0,1,0,1,1,1,"B2"
"15966_8_40",1,0,0,0,1,0,1,"A"
"15966_8_41",1,0,1,0,1,0,0,"D"
"15966_8_42",0,0,1,0,1,0,1,"B2"
"15966_8_43",0,0,1,0,1,0,1,"B2"
"15966_8_44",0,0,1,1,1,0,0,"F"
"15966_8_45",1,0,0,0,1,0,1,"A"
"15966_8_46",1,0,0,0,1,0,1,"A"
"15966_8_47",0,0,1,0,1,1,1,"B2"
"15966_8_48",1,0,0,0,1,1,0,"B1"
"15966_8_49",1,0,0,0,1,0,1,"A"
"15966_8_5",1,0,0,0,1,0,1,"A"
"15966_8_50",0,0,1,1,1,0,0,"F"
"15966_8_51",0,0,1,0,1,0,0,"F"
"15966_8_52",1,0,0,1,1,1,0,"B1"
"15966_8_53",1,0,0,0,1,0,1,"A"
"15966_8_54",0,0,1,0,1,1,1,"B2"
"15966_8_55",0,0,1,0,1,0,1,"B2"
"15966_8_56",0,0,1,0,1,1,1,"B2"
"15966_8_58",1,0,1,1,1,0,0,"D"
"15966_8_59",0,0,1,0,1,1,1,"B2"
"15966_8_6",0,0,1,0,1,1,1,"B2"
"15966_8_61",1,0,0,0,1,0,1,"A"
"15966_8_62",0,0,1,0,1,0,1,"B2"
"15966_8_63",0,0,1,0,1,0,0,"F"
"15966_8_64",0,0,1,0,1,1,1,"B2"
"15966_8_65",1,0,0,0,1,1,0,"B1"
"15966_8_66",1,0,0,1,1,0,1,"C"
"15966_8_67",1,0,0,0,1,0,1,"A"
"15966_8_68",0,0,1,0,1,0,0,"F"
"15966_8_69",1,0,1,1,1,0,0,"D"
"15966_8_7",1,0,0,0,1,0,0,"A"
"15966_8_70",0,0,1,0,1,1,1,"B2"
"15966_8_71",0,0,1,0,1,1,1,"B2"
"15966_8_72",1,0,0,0,1,1,0,"B1"
"15966_8_73",1,0,1,0,1,0,0,"D"
"15966_8_75",1,0,0,0,1,0,1,"A"
"15966_8_76",0,0,1,0,1,1,1,"B2"
"15966_8_77",1,0,1,1,1,0,0,"D"
"15966_8_78",0,0,1,0,1,0,1,"B2"
"15966_8_79",0,0,1,1,1,0,0,"F"
"15966_8_8",0,0,1,0,1,1,1,"B2"
"15966_8_80",0,0,1,0,1,1,1,"B2"
"15966_8_81",0,0,1,0,1,0,0,"F"
"15966_8_82",0,0,1,0,1,1,1,"B2"
"15966_8_84",0,0,1,0,1,1,1,"B2"
"15966_8_85",1,0,0,0,1,0,1,"A"
"15966_8_9",1,0,0,1,1,1,0,"B1"
"15966_8_94",1,0,0,0,1,0,1,"A"
"16228_1_16",0,0,1,1,1,0,0,"F"
"16228_1_17",1,0,1,0,1,0,0,"D"
"16228_1_20",0,0,1,0,1,0,1,"B2"
"16228_1_22",0,0,1,0,1,0,0,"F"
"16228_1_24",1,0,1,1,1,0,0,"D"
"16228_1_33",1,0,0,0,1,0,1,"A"
"16228_1_41",1,0,0,0,1,0,0,"A"
"16228_1_42",0,0,1,0,1,1,1,"B2"
"16228_1_43",1,0,1,1,1,0,0,"D"
"16228_1_44",0,0,1,0,1,0,0,"F"
"16228_1_45",1,0,1,1,1,0,0,"D"
"16228_1_46",0,0,1,0,1,1,1,"B2"
"16228_1_48",1,0,0,0,1,0,1,"A"
"16228_1_62",1,0,0,1,1,0,0,"A"
"18090_6_33",0,0,1,0,1,1,1,"B2"
"18090_6_34",0,0,1,0,1,1,1,"B2"
"18090_6_35",0,0,1,0,1,1,1,"B2"
"18090_6_36",1,0,0,0,1,0,0,"A"
"18090_6_37",0,0,1,1,1,0,0,"F"
"18090_6_38",1,0,1,1,1,0,0,"D"
"18090_6_39",1,0,0,0,1,0,0,"A"
"18090_6_40",1,0,0,0,1,0,1,"A"
"18090_6_41",0,0,1,0,1,1,1,"B2"
"18090_6_42",0,0,1,0,1,1,1,"B2"
"18090_6_43",0,0,1,0,1,1,1,"B2"
"18090_6_44",0,0,1,0,1,1,1,"B2"
"18090_6_45",1,0,0,1,1,1,0,"B1"
"18090_6_48",1,0,0,1,1,1,0,"B1"
"18090_6_50",1,0,0,1,1,1,0,"B1"
"18090_6_51",1,0,0,0,1,0,1,"A"
"18090_6_52",1,0,0,1,1,1,0,"B1"
"18090_6_53",1,0,0,0,1,0,1,"A"
"18090_6_55",1,0,0,0,1,0,1,"A"
"18090_6_56",0,0,1,0,1,1,1,"B2"
"18090_6_57",1,0,0,0,1,0,1,"A"
"18090_6_58",1,0,0,0,1,0,1,"A"
"18090_6_59",0,0,1,1,1,0,0,"F"
"18090_6_60",1,0,1,1,1,0,0,"D"
"18090_6_61",1,0,0,0,1,0,1,"A"
"18090_6_63",1,0,0,1,1,0,1,"C"
"18090_6_80",0,0,1,0,1,0,0,"F"
"18090_6_81",0,0,1,0,1,1,1,"B2"
"18090_6_82",1,0,1,1,1,0,0,"D"
"18090_6_83",0,0,1,0,1,1,1,"B2"
"18090_6_84",1,0,1,1,1,0,0,"D"
"18090_6_85",0,0,1,1,1,0,0,"F"
"18090_6_86",1,0,0,0,1,1,0,"B1"
"18090_6_87",1,0,0,0,1,0,1,"A"
"18090_6_88",0,0,1,0,1,1,1,"B2"
"18090_6_89",1,0,1,1,1,0,0,"D"
"18090_6_90",1,0,0,1,1,1,0,"B1"
"18090_6_91",0,0,1,0,1,1,1,"B2"
"18090_6_92",0,0,1,0,1,0,0,"F"
"18090_6_93",0,0,1,0,1,0,0,"F"
"18090_6_94",1,0,1,1,1,0,0,"D"
"18090_6_95",1,0,0,1,1,1,0,"B1"
"18090_7_1",1,0,1,1,1,0,0,"D"
"18090_7_10",0,0,1,0,1,1,1,"B2"
"18090_7_11",0,0,1,0,1,1,1,"B2"
"18090_7_12",1,0,1,1,1,0,0,"D"
"18090_7_13",0,0,1,0,1,1,1,"B2"
"18090_7_14",1,0,0,1,1,0,1,"C"
"18090_7_15",0,0,1,1,1,0,0,"F"
"18090_7_16",0,0,1,1,1,0,0,"F"
"18090_7_17",1,0,0,1,1,1,0,"B1"
"18090_7_18",1,0,1,1,1,0,0,"D"
"18090_7_19",0,0,1,0,1,1,1,"B2"
"18090_7_2",0,0,1,0,1,1,1,"B2"
"18090_7_20",0,0,1,0,1,1,1,"B2"
"18090_7_21",0,0,1,0,1,0,0,"F"
"18090_7_22",0,0,1,0,1,0,0,"F"
"18090_7_23",1,0,0,1,1,1,0,"B1"
"18090_7_24",0,0,1,0,1,0,0,"F"
"18090_7_25",1,0,0,0,1,0,1,"A"
"18090_7_26",0,0,1,0,1,1,1,"B2"
"18090_7_27",0,0,1,0,1,1,1,"B2"
"18090_7_28",0,0,1,0,1,1,1,"B2"
"18090_7_29",0,0,1,0,1,1,1,"B2"
"18090_7_3",0,0,1,0,1,0,0,"F"
"18090_7_30",1,0,0,0,1,0,1,"A"
"18090_7_31",1,0,0,1,1,0,1,"C"
"18090_7_32",0,0,1,0,1,1,1,"B2"
"18090_7_33",0,0,1,0,1,1,1,"B2"
"18090_7_34",1,0,0,1,1,0,1,"C"
"18090_7_35",0,0,1,0,1,1,1,"B2"
"18090_7_36",0,0,1,0,1,1,1,"B2"
"18090_7_37",0,0,1,0,1,1,1,"B2"
"18090_7_38",0,0,1,0,1,0,0,"F"
"18090_7_39",1,0,1,1,1,0,0,"D"
"18090_7_4",0,0,1,1,1,0,0,"F"
"18090_7_40",0,0,1,0,1,0,0,"F"
"18090_7_41",0,0,1,0,1,1,1,"B2"
"18090_7_43",0,0,1,0,1,0,0,"F"
"18090_7_44",0,0,1,0,1,1,1,"B2"
"18090_7_45",1,0,0,0,1,0,1,"A"
"18090_7_46",1,0,0,0,1,0,0,"A"
"18090_7_47",1,0,0,0,1,0,0,"A"
"18090_7_48",1,0,0,0,1,0,1,"A"
"18090_7_5",0,0,1,0,1,1,1,"B2"
"18090_7_50",1,0,1,1,1,0,0,"D"
"18090_7_52",1,0,0,0,1,0,1,"A"
"18090_7_53",1,0,0,1,1,1,0,"B1"
"18090_7_54",1,0,0,0,1,0,1,"A"
"18090_7_55",1,0,0,0,1,0,1,"A"
"18090_7_56",1,0,0,0,1,0,1,"A"
"18090_7_58",0,0,1,1,1,0,0,"F"
"18090_7_59",1,0,0,0,1,0,0,"A"
"18090_7_6",1,0,0,1,1,1,0,"B1"
"18090_7_60",0,0,1,0,1,1,1,"B2"
"18090_7_62",1,0,0,0,1,0,1,"A"
"18090_7_63",1,0,0,0,1,1,0,"B1"
"18090_7_64",1,0,0,0,1,0,1,"A"
"18090_7_65",1,0,0,0,1,0,0,"A"
"18090_7_66",1,0,0,1,1,1,0,"B1"
"18090_7_67",1,0,0,0,1,0,1,"A"
"18090_7_68",1,0,0,1,1,0,0,"A"
"18090_7_7",1,0,0,1,1,0,1,"C"
"18090_7_70",1,0,0,1,1,1,0,"B1"
"18090_7_73",1,0,0,0,1,0,0,"A"
"18090_7_75",1,0,0,1,1,1,0,"B1"
"18090_7_78",1,0,0,0,1,1,0,"B1"
"18090_7_79",1,0,0,1,1,1,0,"B1"
"18090_7_8",1,0,0,1,1,0,1,"C"
"18090_7_80",1,0,0,0,1,1,0,"B1"
"18090_7_82",1,0,1,1,1,0,0,"D"
"18090_7_85",1,0,1,1,1,0,0,"D"
"18090_7_86",0,0,1,0,1,1,1,"B2"
"18090_7_87",1,0,0,0,1,0,0,"A"
"18090_7_88",0,0,1,0,1,1,1,"B2"
"18090_7_89",1,0,0,0,1,1,0,"B1"
"18090_7_9",0,0,1,1,1,0,0,"F"
"18090_7_90",1,0,0,1,1,1,0,"B1"
"18090_7_92",1,0,0,1,1,1,0,"B1"
"18090_7_93",1,0,0,1,1,0,1,"C"
"18090_7_94",0,0,1,0,1,0,0,"F"
"18090_8_11",1,0,0,0,1,0,1,"A"
"18090_8_12",1,0,0,0,1,0,1,"A"
"18090_8_13",1,0,0,1,1,1,0,"B1"
"18090_8_15",0,0,1,1,1,0,0,"F"
"18090_8_16",1,0,1,1,1,0,0,"D"
"18090_8_17",1,0,0,1,1,0,1,"C"
"18090_8_18",1,0,1,1,1,0,0,"D"
"18090_8_19",1,0,0,0,1,0,0,"A"
"18090_8_2",1,0,0,0,1,0,1,"A"
"18090_8_20",1,0,0,1,1,1,0,"B1"
"18090_8_21",1,0,0,0,1,1,0,"B1"
"18090_8_22",0,0,1,0,1,0,0,"F"
"18090_8_23",0,0,1,0,1,0,0,"F"
"18090_8_24",1,0,0,0,1,0,1,"A"
"18090_8_25",1,0,0,0,1,0,1,"A"
"18090_8_26",1,0,0,1,1,0,1,"C"
"18090_8_27",1,0,0,1,1,1,0,"B1"
"18090_8_28",1,0,0,1,1,0,1,"C"
"18090_8_29",1,0,0,1,1,1,0,"B1"
"18090_8_3",0,1,0,0,1,0,0,"Unknown"
"18090_8_30",1,0,0,0,1,0,0,"A"
"18090_8_33",1,0,0,0,1,1,0,"B1"
"18090_8_4",1,0,0,0,1,0,1,"A"
"18090_8_5",1,0,0,1,1,1,0,"B1"
"18090_8_6",1,0,0,0,1,0,0,"A"
"18090_8_7",1,0,0,1,1,1,0,"B1"
"18090_8_8",1,0,0,0,1,0,0,"A"
"18090_8_84",1,0,1,1,1,0,0,"D"
"6649_2_1",1,0,0,0,1,0,1,"A"
"6649_2_10",1,0,0,0,1,1,0,"B1"
"6649_2_11",1,0,0,0,1,0,1,"A"
"6649_2_12",1,0,0,0,1,0,1,"A"
"6649_2_13",0,1,1,0,1,0,0,"F"
"6649_2_14",1,0,0,0,1,0,0,"A"
"6649_2_15",1,0,0,0,1,0,0,"A"
"6649_2_16",1,0,0,0,1,0,1,"A"
"6649_2_17",1,0,0,0,1,0,0,"A"
"6649_2_18",1,0,0,1,1,1,0,"B1"
"6649_2_19",1,0,0,0,1,0,1,"A"
"6649_2_20",1,0,0,1,1,1,0,"B1"
"6649_2_21",1,0,0,0,1,0,0,"A"
"6649_2_22",1,0,0,0,1,0,0,"A"
"6649_2_23",1,0,0,1,1,1,0,"B1"
"6649_2_24",1,0,0,0,1,1,0,"B1"
"6649_2_3",1,0,0,0,1,0,1,"A"
"6649_2_4",1,0,0,0,1,0,1,"A"
"6649_2_5",1,0,0,0,1,0,1,"A"
"6649_2_6",1,0,0,1,1,1,0,"B1"
"6649_2_7",1,0,0,0,1,1,0,"B1"
"6649_2_8",0,1,1,0,1,0,0,"F"
"6649_2_9",0,1,1,0,1,0,0,"F"
"6732_2_1",1,0,0,0,1,0,1,"A"
"6732_2_10",1,0,0,0,1,0,1,"A"
"6732_2_11",1,0,0,1,1,1,0,"B1"
"6732_2_12",1,0,0,0,1,1,0,"B1"
"6732_2_13",0,1,1,0,1,0,0,"F"
"6732_2_14",1,0,0,0,1,0,1,"A"
"6732_2_15",1,0,0,1,1,1,0,"B1"
"6732_2_16",0,1,1,0,1,0,0,"F"
"6732_2_17",1,0,0,0,1,1,0,"B1"
"6732_2_18",1,0,0,0,1,1,0,"B1"
"6732_2_19",1,0,0,0,1,0,0,"A"
"6732_2_2",1,0,0,0,1,0,0,"A"
"6732_2_20",1,0,0,0,1,0,1,"A"
"6732_2_21",1,0,0,1,1,1,0,"B1"
"6732_2_22",1,0,0,0,1,1,0,"B1"
"6732_2_23",1,0,0,1,1,1,0,"B1"
"6732_2_24",1,0,0,0,1,1,0,"B1"
"6732_2_3",1,0,0,0,1,0,1,"A"
"6732_2_4",1,0,0,0,1,0,0,"A"
"6732_2_5",1,0,0,0,1,0,1,"A"
"6732_2_6",1,0,0,0,1,0,0,"A"
"6732_2_7",1,0,0,1,1,1,0,"B1"
"6732_2_8",1,0,0,0,1,0,1,"A"
"6732_2_9",1,0,0,1,1,1,0,"B1"
"6753_7_1",1,0,0,0,1,0,1,"A"
"6753_7_10",1,0,0,1,1,0,1,"C"
"6753_7_11",1,0,0,0,1,0,1,"A"
"6753_7_12",1,0,0,0,1,0,0,"A"
"6753_7_13",1,0,0,0,1,0,1,"A"
"6753_7_14",1,0,0,1,1,1,0,"B1"
"6753_7_15",1,0,0,1,1,1,0,"B1"
"6753_7_16",1,0,0,0,1,0,0,"A"
"6753_7_17",1,0,0,0,1,0,1,"A"
"6753_7_18",1,0,0,0,1,0,1,"A"
"6753_7_19",1,0,0,0,1,1,0,"B1"
"6753_7_2",1,0,0,0,1,0,0,"A"
"6753_7_20",1,0,0,0,1,0,1,"A"
"6753_7_21",0,0,0,0,1,0,1,"Clade I or II"
"6753_7_22",1,0,0,0,1,0,0,"A"
"6753_7_23",1,0,0,0,1,1,0,"B1"
"6753_7_24",1,0,0,0,1,0,0,"A"
"6753_7_3",1,0,0,1,1,1,0,"B1"
"6753_7_4",1,0,0,0,1,0,1,"A"
"6753_7_5",1,0,0,0,1,1,0,"B1"
"6753_7_6",1,0,0,0,1,1,0,"B1"
"6753_7_7",1,0,0,0,1,0,1,"A"
"6753_7_8",1,0,0,0,1,1,0,"B1"
"6753_7_9",1,0,0,1,1,0,1,"C"
"6753_8_1",1,0,0,0,1,0,0,"A"
"6753_8_10",1,0,0,0,1,1,0,"B1"
"6753_8_11",1,0,0,1,1,1,0,"B1"
"6753_8_12",1,0,0,0,1,0,0,"A"
"6753_8_13",1,0,0,0,1,0,1,"A"
"6753_8_14",1,0,0,0,1,0,1,"A"
"6753_8_15",1,0,0,0,1,1,0,"B1"
"6753_8_16",1,0,0,1,1,1,0,"B1"
"6753_8_17",1,0,1,1,1,0,0,"D"
"6753_8_18",1,0,0,0,1,0,1,"A"
"6753_8_19",1,0,0,1,1,1,0,"B1"
"6753_8_2",1,0,0,0,1,0,1,"A"
"6753_8_20",1,0,0,1,1,1,0,"B1"
"6753_8_21",1,0,0,1,1,1,0,"B1"
"6753_8_22",1,0,0,0,1,0,0,"A"
"6753_8_23",1,0,0,1,1,1,0,"B1"
"6753_8_24",1,0,0,0,1,1,0,"B1"
"6753_8_3",1,0,0,0,1,0,0,"A"
"6753_8_4",1,0,0,0,1,1,0,"B1"
"6753_8_5",1,0,0,0,1,0,1,"A"
"6753_8_6",1,0,0,1,1,0,1,"C"
"6753_8_7",1,0,0,0,1,0,1,"A"
"6753_8_8",1,0,0,0,1,1,0,"B1"
"6753_8_9",1,0,0,0,1,0,0,"A"
"7067_5_1",1,0,0,0,1,0,1,"A"
"7067_5_10",1,0,0,0,1,0,1,"A"
"7067_5_11",1,0,0,0,1,1,0,"B1"
"7067_5_12",1,0,0,0,1,0,1,"A"
"7067_5_13",1,0,0,1,1,1,0,"B1"
"7067_5_14",1,0,0,0,1,0,1,"A"
"7067_5_15",1,0,0,1,1,1,0,"B1"
"7067_5_16",1,0,0,0,1,0,1,"A"
"7067_5_17",1,0,0,1,1,1,0,"B1"
"7067_5_18",1,0,0,1,1,1,0,"B1"
"7067_5_19",1,0,0,1,1,1,0,"B1"
"7067_5_2",0,1,0,0,1,0,0,"Unknown"
"7067_5_20",1,0,0,1,1,1,0,"B1"
"7067_5_21",1,0,0,0,1,0,1,"A"
"7067_5_22",1,0,0,0,1,0,1,"A"
"7067_5_23",1,0,0,0,1,1,0,"B1"
"7067_5_24",1,0,0,0,1,0,1,"A"
"7067_5_25",1,0,0,1,1,1,0,"B1"
"7067_5_26",1,0,0,0,1,1,0,"B1"
"7067_5_27",1,0,0,0,1,1,0,"B1"
"7067_5_28",1,0,0,1,1,1,0,"B1"
"7067_5_29",1,0,0,0,1,1,0,"B1"
"7067_5_4",1,0,0,0,1,0,1,"A"
"7067_5_6",1,0,0,0,1,0,1,"A"
"7067_5_7",0,0,0,1,1,0,0,"Unknown"
"7067_5_8",1,0,0,1,1,0,1,"C"
"7067_5_9",1,0,0,0,1,1,0,"B1"
"7114_1_1",1,0,0,1,1,1,0,"B1"
"7114_1_10",1,0,0,0,1,0,1,"A"
"7114_1_11",1,0,0,1,1,1,0,"B1"
"7114_1_12",1,0,0,0,1,1,0,"B1"
"7114_1_16",1,0,0,0,1,1,0,"B1"
"7114_1_17",1,0,0,0,1,1,0,"B1"
"7114_1_18",1,0,0,0,1,0,1,"A"
"7114_1_19",1,0,0,1,1,1,0,"B1"
"7114_1_2",1,0,0,1,1,1,0,"B1"
"7114_1_20",1,0,0,1,1,1,0,"B1"
"7114_1_21",1,0,0,1,1,1,0,"B1"
"7114_1_22",0,1,1,0,1,0,0,"F"
"7114_1_23",1,0,0,1,1,1,0,"B1"
"7114_1_24",1,0,0,0,1,1,0,"B1"
"7114_1_25",0,0,1,1,1,0,0,"F"
"7114_1_26",1,0,0,1,1,1,0,"B1"
"7114_1_3",1,0,0,0,1,1,0,"B1"
"7114_1_4",1,0,0,1,1,0,1,"C"
"7114_1_5",1,0,0,0,1,0,1,"A"
"7114_1_6",0,1,1,0,1,0,0,"F"
"7114_1_7",1,0,0,1,1,1,0,"B1"
"7114_1_8",1,0,0,0,1,1,0,"B1"
"7114_1_9",1,0,0,1,1,0,1,"C"
"7521_1_1",1,0,0,0,1,1,0,"B1"
"7521_1_10",1,0,0,0,1,0,1,"A"
"7521_1_11",1,0,0,1,1,0,1,"C"
"7521_1_12",1,0,0,0,1,0,1,"A"
"7521_1_13",1,0,0,0,1,0,1,"A"
"7521_1_14",1,0,0,1,1,0,1,"C"
"7521_1_15",1,0,0,1,1,1,0,"B1"
"7521_1_16",1,0,0,1,1,1,0,"B1"
"7521_1_17",1,0,0,1,1,1,0,"B1"
"7521_1_18",1,0,0,0,1,0,0,"A"
"7521_1_19",1,0,0,0,1,0,0,"A"
"7521_1_2",1,0,0,0,1,0,0,"A"
"7521_1_20",1,0,0,0,1,0,1,"A"
"7521_1_21",1,0,0,0,1,0,0,"A"
"7521_1_22",1,0,0,1,1,0,1,"C"
"7521_1_23",1,0,0,0,1,0,1,"A"
"7521_1_25",1,0,0,0,1,0,1,"A"
"7521_1_26",1,0,0,1,1,1,0,"B1"
"7521_1_27",0,1,1,0,1,0,0,"F"
"7521_1_28",0,0,1,0,1,0,1,"B2"
"7521_1_29",1,0,0,1,1,1,0,"B1"
"7521_1_3",1,0,1,1,1,0,0,"D"
"7521_1_30",1,0,0,1,1,1,0,"B1"
"7521_1_31",1,0,0,0,1,0,0,"A"
"7521_1_32",1,0,0,0,1,0,0,"A"
"7521_1_33",1,0,0,0,1,0,0,"A"
"7521_1_34",1,0,0,0,1,1,0,"B1"
"7521_1_35",1,0,0,0,1,0,0,"A"
"7521_1_37",1,0,0,1,1,1,0,"B1"
"7521_1_38",1,0,0,0,1,0,0,"A"
"7521_1_39",1,0,0,0,1,0,0,"A"
"7521_1_4",1,0,0,0,1,0,1,"A"
"7521_1_40",1,0,0,1,1,1,0,"B1"
"7521_1_41",1,0,0,0,1,1,0,"B1"
"7521_1_42",1,0,0,1,1,1,0,"B1"
"7521_1_43",1,0,0,0,0,0,0,"A"
"7521_1_44",1,0,0,0,1,1,0,"B1"
"7521_1_45",1,0,0,0,1,0,0,"A"
"7521_1_46",1,0,0,0,1,0,0,"A"
"7521_1_5",1,0,0,0,1,0,1,"A"
"7521_1_6",1,0,0,0,1,0,0,"A"
"7521_1_7",1,0,0,0,1,1,0,"B1"
"7521_1_8",1,0,0,0,1,1,0,"B1"
"7521_1_9",1,0,0,0,1,0,1,"A"
"7521_2_49",1,0,0,1,1,1,0,"B1"
"7521_2_50",1,0,0,1,1,1,0,"B1"
"7521_2_51",1,0,0,1,1,1,0,"B1"
"7521_2_52",1,0,0,0,1,0,1,"A"
"7521_2_53",1,0,0,1,1,1,0,"B1"
"7521_2_54",1,0,0,1,1,0,1,"C"
"7521_2_55",1,0,0,0,1,0,0,"A"
"7521_2_56",1,0,0,0,1,0,0,"A"
"7521_2_57",1,0,0,1,1,1,0,"B1"
"7521_2_58",1,0,0,1,1,1,0,"B1"
"7521_2_59",1,0,0,0,1,0,0,"A"
"7521_2_60",1,0,0,1,1,1,0,"B1"
"7521_2_62",1,0,0,1,1,1,0,"B1"
"7521_2_63",1,0,0,1,1,1,0,"B1"
"7521_2_64",1,0,0,1,1,1,0,"B1"
"7521_2_65",1,0,0,1,1,1,0,"B1"
"7521_2_66",1,0,0,1,1,1,0,"B1"
"7521_2_67",1,0,0,1,1,1,0,"B1"
"7521_2_68",1,0,0,1,1,1,0,"B1"
"7521_2_69",1,0,0,1,1,1,0,"B1"
"7521_2_70",1,0,0,0,1,0,1,"A"
"7521_2_71",1,0,0,1,1,1,0,"B1"
"7521_2_73",1,0,0,1,1,1,0,"B1"
"7521_2_74",1,0,0,0,1,0,1,"A"
"7521_2_76",1,0,0,0,1,0,0,"A"
"7521_2_77",1,0,0,0,1,0,0,"A"
"7521_2_78",1,0,0,0,1,1,0,"B1"
"7521_2_79",1,0,0,0,1,1,0,"B1"
"7521_2_80",1,0,0,0,1,0,1,"A"
"7521_2_81",1,0,0,0,1,0,0,"A"
"7521_2_82",1,0,0,0,1,0,0,"A"
"7521_2_83",1,0,0,0,1,0,1,"A"
"7521_2_84",1,0,0,0,1,0,1,"A"
"7521_2_85",1,0,0,0,1,0,0,"A"
"7521_2_86",1,0,0,0,1,0,0,"A"
"7521_2_87",1,0,0,0,1,0,1,"A"
"7521_2_89",1,0,0,0,1,0,0,"A"
"7521_2_90",1,0,1,0,1,0,0,"D"
"7521_2_91",1,0,0,0,1,1,0,"B1"
"7521_2_92",1,0,0,0,1,0,1,"A"
"7521_2_93",0,0,0,0,1,0,1,"Clade I or II"
"7521_2_94",1,0,0,0,1,0,1,"A"
"7521_2_95",1,0,0,1,1,0,1,"C"
"7521_2_96",1,0,0,0,1,0,0,"A"
"7521_3_1",0,0,0,0,1,0,1,"Clade I or II"
"7521_3_10",1,0,0,0,1,1,0,"B1"
"7521_3_11",1,0,0,0,1,1,0,"B1"
"7521_3_12",1,0,0,0,1,1,0,"B1"
"7521_3_14",1,0,0,0,1,0,1,"A"
"7521_3_15",1,0,0,0,1,0,1,"A"
"7521_3_16",1,0,0,0,1,1,0,"B1"
"7521_3_17",1,0,0,1,1,1,0,"B1"
"7521_3_2",1,0,0,0,1,0,0,"A"
"7521_3_21",1,0,0,0,1,0,0,"A"
"7521_3_22",1,0,0,1,1,0,1,"C"
"7521_3_23",1,0,0,0,1,0,1,"A"
"7521_3_24",1,0,0,1,1,0,0,"A"
"7521_3_25",1,0,0,0,1,1,0,"B1"
"7521_3_26",1,0,0,0,1,0,0,"A"
"7521_3_27",1,0,0,1,1,0,0,"A"
"7521_3_28",1,0,0,1,1,0,0,"A"
"7521_3_29",1,0,0,0,1,0,0,"A"
"7521_3_3",1,0,0,1,1,1,0,"B1"
"7521_3_30",1,0,0,0,1,0,0,"A"
"7521_3_31",1,0,0,0,1,0,0,"A"
"7521_3_32",1,0,0,1,1,1,0,"B1"
"7521_3_33",1,0,0,0,1,0,1,"A"
"7521_3_34",1,0,0,0,1,0,0,"A"
"7521_3_35",1,0,0,1,1,1,0,"B1"
"7521_3_36",1,0,0,0,1,0,0,"A"
"7521_3_37",1,0,0,0,1,0,0,"A"
"7521_3_38",1,0,0,0,1,0,0,"A"
"7521_3_39",1,0,0,0,1,0,0,"A"
"7521_3_4",1,0,0,0,1,0,0,"A"
"7521_3_40",1,0,0,1,1,0,0,"A"
"7521_3_41",1,0,0,0,1,1,0,"B1"
"7521_3_42",1,0,0,0,1,0,1,"A"
"7521_3_43",1,0,0,0,1,1,0,"B1"
"7521_3_44",1,0,0,0,1,0,1,"A"
"7521_3_45",1,0,0,0,1,0,0,"A"
"7521_3_46",0,0,1,0,1,0,0,"F"
"7521_3_47",1,0,0,0,1,1,0,"B1"
"7521_3_48",1,0,0,0,1,0,1,"A"
"7521_3_5",1,0,0,0,1,0,0,"A"
"7521_3_6",1,0,0,0,1,0,0,"A"
"7521_3_7",1,0,0,0,1,0,0,"A"
"7521_3_8",1,0,0,1,1,1,0,"B1"
"7521_3_9",1,0,0,0,1,0,0,"A"
"7521_4_49",1,0,0,0,1,0,0,"A"
"7521_4_50",1,0,0,0,1,0,0,"A"
"7521_4_51",1,0,0,1,1,0,1,"C"
"7521_4_52",1,0,0,0,1,0,0,"A"
"7521_4_53",1,0,0,1,1,0,1,"C"
"7521_4_54",1,0,0,0,1,0,0,"A"
"7521_4_55",1,0,0,1,1,1,0,"B1"
"7521_4_56",0,0,1,0,1,0,0,"F"
"7521_4_57",1,0,0,1,1,0,1,"C"
"7521_4_58",1,0,0,1,1,1,0,"B1"
"7521_4_59",1,0,0,0,1,0,1,"A"
"7521_4_60",1,0,0,0,1,0,1,"A"
"7521_4_61",1,0,0,1,1,0,1,"C"
"7521_4_62",1,0,0,1,1,1,0,"B1"
"7521_4_63",1,0,0,1,1,1,0,"B1"
"7521_4_64",1,0,1,1,1,0,0,"D"
"7521_4_65",0,0,1,0,1,0,1,"B2"
"7521_4_66",1,0,0,0,1,1,0,"B1"
"7521_4_67",1,0,0,0,1,0,1,"A"
"7521_4_68",1,0,0,0,1,1,0,"B1"
"7521_4_69",1,0,0,1,1,1,0,"B1"
"7521_4_70",1,0,1,1,1,0,0,"D"
"7521_4_71",1,0,0,0,1,1,0,"B1"
"7521_4_72",1,0,0,0,1,0,0,"A"
"7521_4_73",1,0,0,1,1,1,0,"B1"
"7521_4_74",1,0,0,1,1,0,1,"C"
"7521_4_76",1,0,0,1,1,1,0,"B1"
"7521_4_77",1,0,0,0,1,1,0,"B1"
"7521_4_78",1,0,0,0,1,0,0,"A"
"7521_4_79",1,0,0,0,1,1,0,"B1"
"7521_4_80",1,0,0,0,1,1,0,"B1"
"7521_4_81",1,0,0,0,1,1,0,"B1"
"7521_4_82",1,0,0,0,1,0,1,"A"
"7521_4_83",1,0,0,1,1,1,0,"B1"
"7521_4_84",1,0,0,0,1,0,1,"A"
"7521_4_85",1,0,0,0,1,1,0,"B1"
"7521_4_86",1,0,0,1,1,0,1,"C"
"7521_4_87",1,0,0,0,1,1,0,"B1"
"7521_4_88",1,0,0,0,1,1,0,"B1"
"7521_4_89",1,0,0,0,1,1,0,"B1"
"7521_4_91",1,0,0,0,1,0,0,"A"
"7521_4_93",1,0,0,0,1,0,1,"A"
"7521_4_94",1,0,0,0,1,0,1,"A"
"7521_4_95",1,0,1,1,1,0,0,"D"
"7521_4_96",1,0,0,0,1,0,1,"A"
"7553_7_61",1,0,0,1,1,1,0,"B1"
"7553_7_62",1,0,0,0,1,1,0,"B1"
"7553_7_63",1,0,0,0,1,0,1,"A"
"7553_7_64",1,0,0,0,1,1,0,"B1"
"7553_7_65",0,0,1,0,1,0,1,"B2"
"7553_7_66",1,0,0,0,1,0,1,"A"
"7553_7_67",0,0,1,0,1,0,1,"B2"
"7553_7_68",1,0,0,0,1,0,1,"A"
"7553_7_69",1,0,0,1,1,1,0,"B1"
"7553_7_70",1,0,0,1,1,1,0,"B1"
"7553_7_71",1,0,0,0,1,0,0,"A"
"7553_7_72",1,0,0,1,1,1,0,"B1"
"7554_4_13",1,0,0,1,1,0,1,"C"
"7554_4_14",1,0,0,1,1,1,0,"B1"
"7554_4_15",1,0,0,1,1,1,0,"B1"
"7554_4_16",1,0,0,1,1,1,0,"B1"
"7554_4_18",1,0,0,0,1,1,0,"B1"
"7554_4_19",1,0,0,0,1,0,1,"A"
"7748_7_1",1,0,0,0,1,1,0,"B1"
"7748_7_10",1,0,0,0,1,1,0,"B1"
"7748_7_11",1,0,0,1,1,1,0,"B1"
"7748_7_12",1,0,0,1,1,1,0,"B1"
"7748_7_13",1,0,0,1,1,1,0,"B1"
"7748_7_14",1,0,0,0,1,0,1,"A"
"7748_7_15",1,0,0,0,1,0,1,"A"
"7748_7_16",1,0,0,0,1,0,1,"A"
"7748_7_17",1,0,0,0,1,1,0,"B1"
"7748_7_18",1,0,0,1,1,1,0,"B1"
"7748_7_19",1,0,0,0,1,1,0,"B1"
"7748_7_2",0,1,1,1,1,0,0,"F"
"7748_7_20",0,0,1,0,1,1,1,"B2"
"7748_7_21",1,0,0,1,1,1,0,"B1"
"7748_7_22",1,0,0,0,1,0,0,"A"
"7748_7_23",1,0,0,1,1,1,0,"B1"
"7748_7_24",1,0,0,0,1,1,0,"B1"
"7748_7_25",0,0,1,0,1,1,1,"B2"
"7748_7_26",1,0,0,0,1,1,0,"B1"
"7748_7_27",1,0,0,1,1,1,0,"B1"
"7748_7_28",0,1,1,1,1,0,0,"F"
"7748_7_29",1,0,0,1,1,1,0,"B1"
"7748_7_3",0,0,1,0,1,0,1,"B2"
"7748_7_30",1,0,0,1,1,1,0,"B1"
"7748_7_31",1,0,0,1,1,1,0,"B1"
"7748_7_32",1,0,0,0,1,0,0,"A"
"7748_7_33",1,0,1,0,1,0,1,"Clade I"
"7748_7_34",1,0,0,1,1,1,0,"B1"
"7748_7_35",1,0,0,1,1,1,0,"B1"
"7748_7_36",0,0,1,0,1,0,1,"B2"
"7748_7_37",1,0,0,1,1,1,0,"B1"
"7748_7_38",1,0,0,1,1,1,0,"B1"
"7748_7_39",1,0,0,1,1,1,0,"B1"
"7748_7_4",1,0,0,1,1,1,0,"B1"
"7748_7_40",1,0,0,1,1,1,0,"B1"
"7748_7_41",1,0,0,1,1,1,0,"B1"
"7748_7_42",1,0,0,0,1,0,1,"A"
"7748_7_43",1,0,0,0,1,0,1,"A"
"7748_7_44",1,0,0,1,1,1,0,"B1"
"7748_7_46",1,0,0,1,1,1,0,"B1"
"7748_7_47",1,0,0,1,1,1,0,"B1"
"7748_7_48",1,0,0,0,1,1,0,"B1"
"7748_7_5",1,0,0,1,1,1,0,"B1"
"7748_7_6",1,0,0,1,1,1,0,"B1"
"7748_7_7",0,0,1,0,1,1,1,"B2"
"7748_7_8",1,0,0,0,1,0,1,"A"
"7748_7_9",1,0,0,0,1,1,0,"B1"
"7790_1_49",1,0,0,0,1,0,0,"A"
"7790_1_50",0,1,1,1,1,0,0,"F"
"7790_1_51",1,0,0,0,1,0,1,"A"
"7790_1_52",1,0,0,1,1,1,0,"B1"
"7790_1_53",0,0,1,1,1,0,1,"B2"
"7790_1_54",1,0,0,0,1,0,1,"A"
"7790_1_56",1,0,0,0,1,0,1,"A"
"7790_1_57",1,0,0,0,1,0,0,"A"
"7790_1_58",0,0,1,0,1,0,1,"B2"
"7790_1_59",1,0,0,1,1,1,0,"B1"
"7790_1_60",0,0,1,0,1,1,1,"B2"
"7790_1_61",1,0,0,1,1,1,0,"B1"
"7790_1_62",0,0,1,0,1,0,1,"B2"
"7790_1_63",1,0,0,0,1,0,1,"A"
"7790_1_64",1,0,0,1,1,1,0,"B1"
"7790_1_65",1,0,0,1,1,1,0,"B1"
"7790_1_66",1,0,0,1,1,1,0,"B1"
"7790_1_67",1,0,0,0,1,0,0,"A"
"7790_1_68",1,0,0,1,1,1,0,"B1"
"7790_1_69",1,0,0,0,1,0,1,"A"
"7790_1_70",1,0,0,1,1,1,0,"B1"
"7790_1_71",0,1,1,1,1,0,0,"F"
"7790_1_72",1,0,0,1,1,1,0,"B1"
"7790_1_73",0,0,1,0,1,0,1,"B2"
"7790_1_74",1,0,0,1,1,1,0,"B1"
"7790_1_75",1,0,0,0,1,0,1,"A"
"7790_1_76",1,0,0,0,1,0,1,"A"
"7790_1_77",1,0,0,0,1,0,0,"A"
"7790_1_79",1,0,0,1,1,1,0,"B1"
"7790_1_80",1,0,0,0,1,1,0,"B1"
"7790_1_81",1,0,0,1,1,1,0,"B1"
"7790_1_82",1,0,0,0,1,0,0,"A"
"7790_1_83",1,0,0,0,1,0,0,"A"
"7790_1_84",1,0,0,0,1,0,1,"A"
"7790_1_85",1,0,0,0,1,1,0,"B1"
"7790_1_86",1,0,0,0,1,0,1,"A"
"7790_1_87",1,0,0,0,1,0,1,"A"
"7790_1_88",1,0,0,0,1,1,0,"B1"
"7790_1_89",1,0,0,1,1,1,0,"B1"
"7790_1_90",1,0,0,0,1,0,1,"A"
"7790_1_91",0,0,1,0,1,0,1,"B2"
"7790_1_92",1,0,0,1,1,1,0,"B1"
"7790_1_93",1,0,0,1,1,1,0,"B1"
"7790_1_94",1,0,0,0,1,1,0,"B1"
"7790_1_95",1,0,0,1,1,1,0,"B1"
"7790_1_96",1,0,0,1,1,1,0,"B1"
"7978_7_51",1,0,0,0,1,0,1,"A"
"7978_7_52",1,0,0,0,1,0,1,"A"
"8036_3_88",1,0,0,0,1,1,1,"Unknown"
"8036_3_89",1,0,1,1,1,0,0,"D"
"8036_3_90",1,0,0,0,1,0,1,"A"
"8036_3_92",0,0,1,0,1,1,1,"B2"
"8036_3_93",1,0,0,0,1,0,1,"A"
"8205_3_1",0,0,1,0,1,0,1,"B2"
"8205_3_10",1,0,0,0,1,1,0,"B1"
"8205_3_11",1,0,0,1,1,0,0,"A"
"8205_3_12",1,0,0,1,1,1,0,"B1"
"8205_3_14",1,0,0,0,1,0,0,"A"
"8205_3_17",1,0,0,0,1,0,1,"A"
"8205_3_18",1,0,0,0,1,1,0,"B1"
"8205_3_19",1,0,0,0,1,1,0,"B1"
"8205_3_2",1,0,0,0,1,0,1,"A"
"8205_3_20",1,0,0,1,1,1,0,"B1"
"8205_3_21",1,0,0,1,1,1,0,"B1"
"8205_3_22",1,0,0,1,1,1,0,"B1"
"8205_3_23",0,0,1,0,1,0,1,"B2"
"8205_3_24",1,0,0,1,1,1,0,"B1"
"8205_3_25",1,0,0,1,1,1,0,"B1"
"8205_3_26",1,0,0,0,1,0,1,"A"
"8205_3_27",1,0,0,1,1,1,0,"B1"
"8205_3_28",1,0,0,1,1,1,0,"B1"
"8205_3_29",0,1,1,1,1,0,0,"F"
"8205_3_3",1,0,0,1,1,1,0,"B1"
"8205_3_30",1,0,0,1,1,1,0,"B1"
"8205_3_31",1,0,0,0,1,0,1,"A"
"8205_3_32",0,0,1,0,1,1,1,"B2"
"8205_3_33",1,0,0,1,1,1,0,"B1"
"8205_3_34",0,0,1,0,1,0,1,"B2"
"8205_3_35",0,0,1,0,1,0,1,"B2"
"8205_3_36",0,0,1,0,1,0,1,"B2"
"8205_3_37",1,0,0,0,1,1,0,"B1"
"8205_3_38",1,0,0,1,1,1,0,"B1"
"8205_3_39",1,0,0,1,1,1,0,"B1"
"8205_3_4",1,0,0,1,1,1,0,"B1"
"8205_3_40",0,0,1,0,1,0,1,"B2"
"8205_3_41",1,0,0,0,1,0,0,"A"
"8205_3_42",1,0,0,0,1,1,0,"B1"
"8205_3_44",1,0,0,0,1,0,0,"A"
"8205_3_45",1,0,0,0,1,0,1,"A"
"8205_3_46",1,0,0,1,1,1,0,"B1"
"8205_3_47",1,0,0,1,1,1,0,"B1"
"8205_3_48",1,0,0,0,1,0,1,"A"
"8205_3_49",1,0,0,0,1,0,1,"A"
"8205_3_5",1,0,0,1,1,1,0,"B1"
"8205_3_50",1,0,0,1,1,1,0,"B1"
"8205_3_51",1,0,0,1,1,1,0,"B1"
"8205_3_52",0,0,1,0,1,1,1,"B2"
"8205_3_53",1,0,0,0,1,0,1,"A"
"8205_3_54",0,0,1,0,1,0,1,"B2"
"8205_3_55",0,0,1,0,1,0,1,"B2"
"8205_3_56",0,0,1,0,1,0,1,"B2"
"8205_3_57",1,0,0,0,1,0,0,"A"
"8205_3_58",1,0,0,1,1,1,0,"B1"
"8205_3_59",1,0,0,0,1,1,0,"B1"
"8205_3_6",1,0,0,1,1,1,0,"B1"
"8205_3_60",1,0,0,0,1,1,0,"B1"
"8205_3_61",1,0,0,1,1,1,0,"B1"
"8205_3_62",0,0,1,0,1,0,1,"B2"
"8205_3_63",1,0,0,0,1,0,0,"A"
"8205_3_64",1,0,0,0,1,1,0,"B1"
"8205_3_65",1,0,0,1,1,1,0,"B1"
"8205_3_66",1,0,0,1,1,1,0,"B1"
"8205_3_67",1,0,0,0,1,1,0,"B1"
"8205_3_68",1,0,0,1,1,1,0,"B1"
"8205_3_69",1,0,0,0,1,1,0,"B1"
"8205_3_7",1,0,0,1,1,1,0,"B1"
"8205_3_70",1,0,0,0,1,0,1,"A"
"8205_3_71",1,0,0,1,1,1,0,"B1"
"8205_3_72",1,0,0,1,1,1,0,"B1"
"8205_3_74",1,0,0,1,1,1,0,"B1"
"8205_3_75",1,0,0,1,1,1,0,"B1"
"8205_3_76",1,0,0,1,1,1,0,"B1"
"8205_3_77",1,0,0,1,1,1,0,"B1"
"8205_3_78",1,0,0,0,1,0,0,"A"
"8205_3_79",1,0,0,0,1,1,0,"B1"
"8205_3_8",1,0,0,1,1,1,0,"B1"
"8205_3_80",1,0,0,0,1,1,0,"B1"
"8205_3_81",1,0,0,0,1,0,0,"A"
"8205_3_82",1,0,0,0,1,1,0,"B1"
"8205_3_83",1,0,0,1,1,1,0,"B1"
"8205_3_84",1,0,0,1,1,1,0,"B1"
"8205_3_85",1,0,0,0,1,0,0,"A"
"8205_3_87",1,0,0,1,1,1,0,"B1"
"8205_3_89",1,0,1,1,1,0,0,"D"
"8205_3_9",1,0,0,0,1,0,1,"A"
"8205_3_92",0,0,1,0,1,0,0,"F"
"8205_8_70",1,0,0,1,1,1,0,"B1"
"8205_8_71",1,0,0,0,1,1,0,"B1"
"8205_8_72",1,0,0,0,1,0,1,"A"
"8205_8_73",1,0,0,1,1,1,0,"B1"
"8205_8_74",1,0,0,0,1,0,0,"A"
"8205_8_75",1,0,0,0,1,0,1,"A"
"8205_8_76",0,0,1,0,1,0,1,"B2"
"8205_8_77",1,0,0,0,1,1,0,"B1"
"8205_8_79",1,0,0,1,1,1,0,"B1"
"8205_8_80",1,0,0,1,1,1,0,"B1"
"8205_8_81",0,0,1,0,1,0,1,"B2"
"8205_8_82",1,0,0,0,1,0,1,"A"
"8205_8_83",1,0,0,0,1,0,1,"A"
"8205_8_84",1,0,0,1,1,1,0,"B1"
"8205_8_85",1,0,0,1,1,1,0,"B1"
"8630_6_92",1,0,0,0,1,0,1,"A"
"8630_6_94",1,0,0,0,1,0,1,"A"
"8630_6_96",1,0,0,0,1,0,1,"A"
"9475_4_58",1,0,0,0,1,0,1,"A"
"9475_4_59",1,0,0,0,1,0,1,"A"
"9475_4_60",1,0,0,0,1,0,1,"A"
"9475_4_61",1,0,0,0,1,0,1,"A"
"9475_4_62",1,0,0,0,1,0,1,"A"
"9475_4_63",1,0,0,0,1,0,1,"A"
"9475_4_64",1,0,0,0,1,0,1,"A"
"9475_4_65",1,0,0,0,1,0,1,"A"
"9475_4_66",1,0,0,0,1,0,1,"A"
"9475_4_67",0,1,1,0,1,0,0,"F"
"9475_4_68",0,1,1,0,1,0,0,"F"
"9475_4_69",1,0,0,0,1,0,1,"A"
"9475_4_70",1,0,0,0,1,0,1,"A"
"9475_4_74",0,1,1,0,1,0,0,"F"
"9475_4_75",1,0,0,0,1,1,0,"B1"
"9475_4_76",1,0,0,0,1,0,1,"A"
"9475_4_77",1,0,0,0,1,1,0,"B1"
