Assembly	# contigs (>= 0 bp)	# contigs (>= 1000 bp)	# contigs (>= 5000 bp)	# contigs (>= 10000 bp)	# contigs (>= 25000 bp)	# contigs (>= 50000 bp)	Total length (>= 0 bp)	Total length (>= 1000 bp)	Total length (>= 5000 bp)	Total length (>= 10000 bp)	Total length (>= 25000 bp)	Total length (>= 50000 bp)	# contigs	Largest contig	Total length	Reference length	GC (%)	Reference GC (%)	N50	NG50	N75	NG75	L50	LG50	L75	LG75	# misassemblies	# misassembled contigs	Misassembled contigs length	# local misassemblies	# unaligned mis. contigs	# unaligned contigs	Unaligned length	Genome fraction (%)	Duplication ratio	# N's per 100 kbp	# mismatches per 100 kbp	# indels per 100 kbp	Largest alignment	Total aligned length	NA50	NGA50	NA75	NGA75	LA50	LGA50	LA75	LGA75
28099_1_100.contigs_spades	123	114	91	79	58	33	5007739	5001763	4948270	4863182	4530661	3668060	121	333890	5006950	4641652	50.74	50.79	87426	88870	45033	59866	16	14	35	30	58	25	2615208	40	12	9 + 59 part	689951	92.503	1.005	13.68	239.14	4.63	162206	4306198	55676	60836	19762	31377	29	26	64	53
28099_1_102.contigs_spades	78	72	56	53	42	28	4759112	4755727	4713507	4688833	4486566	3995329	77	405027	4758794	4641652	50.81	50.79	152155	152155	77182	77922	10	10	21	20	67	29	3463803	39	2	7 + 36 part	443019	92.630	1.004	20.82	277.35	6.28	219933	4311356	75542	77686	32886	34146	18	17	41	39
28099_1_103.contigs_spades	73	68	53	46	37	27	4799739	4797193	4762688	4706810	4553721	4175330	71	397722	4798984	4641652	50.67	50.79	196861	196861	88534	97069	9	9	19	18	54	30	3571132	40	2	13 + 23 part	503003	92.242	1.003	13.19	223.14	4.90	219521	4290183	78625	88534	35345	37703	15	14	39	36
28099_1_104.contigs_spades	52	41	29	29	25	22	5079535	5073752	5045371	5045371	4971914	4864563	48	593861	5077879	4641652	50.63	50.79	349120	353917	191906	211378	7	6	11	10	127	19	4603520	156	4	12 + 28 part	1001277	87.408	1.005	11.05	2129.04	32.63	191215	4074692	41775	45534	10196	16360	35	30	96	70
28099_1_106.contigs_spades	73	60	53	48	42	32	4787390	4779233	4760197	4720377	4600855	4250172	72	291442	4786947	4641652	50.82	50.79	138859	138859	79718	81822	11	11	23	22	58	28	3445271	48	2	5 + 31 part	490656	92.244	1.003	24.57	261.25	6.05	219936	4290910	68648	68751	32886	34828	20	19	45	42
28099_1_107.contigs_spades	52	45	36	34	33	22	4760568	4756371	4734804	4719350	4695961	4312066	50	804818	4759880	4641652	50.77	50.79	228542	228542	149415	149966	7	7	14	13	100	29	4478567	138	0	10 + 31 part	574475	89.890	1.003	7.10	1262.42	20.95	196544	4183715	54240	58483	24780	26450	26	25	60	57
28099_1_108.contigs_spades	4	4	1	0	0	0	10907	10907	5311	0	0	0	4	5311	10907	4641652	48.70	50.79	2280	-	1706	-	2	-	3	-	-	-	-	-	-	4 + 0 part	10907	-	-	0.00	-	-	-	-	-	-	-	-	-	-	-	-
28099_1_10.contigs_spades	72	67	52	45	37	30	4966275	4963572	4925032	4874078	4735813	4511078	70	603545	4965379	4641652	50.86	50.79	176368	199532	90642	106111	9	8	19	17	98	30	4311828	142	2	17 + 39 part	715507	91.215	1.004	24.09	1214.03	18.00	165073	4246322	52636	54575	19904	24222	31	28	70	60
28099_1_110.contigs_spades	53	47	36	31	23	17	4979007	4975823	4944551	4915921	4774786	4555467	51	759642	4978166	4641652	50.63	50.79	404628	445889	171596	176899	5	4	10	8	167	19	4621331	170	4	10 + 35 part	1188432	81.461	1.002	3.68	2509.37	33.30	87171	3788859	27553	29624	2939	8405	52	47	162	118
28099_1_111.contigs_spades	176	68	55	44	34	27	5533658	5483594	5455792	5391538	5222033	4984843	104	748050	5507043	4641652	50.45	50.79	219805	236698	125687	152829	9	7	18	13	126	30	4628858	173	6	43 + 43 part	1427822	87.600	1.003	15.71	2183.00	35.73	149537	4077872	28578	36119	-	15932	49	35	-	83
28099_1_112.contigs_spades	97	83	66	60	43	33	5154689	5146019	5100751	5058301	4799310	4423935	92	258970	5152920	4641652	50.66	50.79	147856	162367	82724	94008	14	12	25	21	56	25	3724937	66	4	25 + 46 part	925271	90.752	1.004	18.59	673.21	11.21	203211	4223816	54306	69778	19436	34026	25	20	59	46
28099_1_114.contigs_spades	97	89	74	62	48	31	5402131	5398268	5356242	5269668	5051031	4423768	93	507034	5400801	4641652	50.53	50.79	119105	162989	67944	93542	11	8	25	18	107	37	4436478	168	8	18 + 59 part	1270505	88.593	1.004	4.18	2083.91	32.00	195080	4126569	31219	37913	3377	15406	43	32	139	78
28099_1_115.contigs_spades	97	85	66	59	46	30	4973892	4965838	4911058	4865492	4647023	4044000	94	248156	4972723	4641652	50.67	50.79	131920	138474	83161	88921	14	12	25	23	59	28	3312763	57	6	14 + 47 part	707460	91.539	1.004	14.56	646.92	11.27	248033	4260190	54575	61831	26744	34424	24	21	55	47
28099_1_116.contigs_spades	565	255	96	72	52	34	5525956	5370239	5051460	4878665	4555202	3925686	382	400656	5458011	4641652	50.49	50.79	89194	110951	39492	62802	17	13	38	27	68	35	2621907	77	4	191 + 74 part	1124357	92.445	1.010	111.43	492.38	9.60	358615	4322650	46128	59684	8466	30201	28	20	82	48
28099_1_118.contigs_spades	1327	555	182	125	64	29	6224103	5835350	5133657	4723224	3773210	2422843	863	153272	6066369	4641652	50.40	50.79	42550	54713	11863	31540	43	28	110	55	82	56	2246100	126	23	106 + 142 part	1255074	93.285	1.111	204.09	1093.39	18.08	122849	4803986	19130	30486	1018	11882	70	41	466	101
28099_1_119.contigs_spades	58	54	47	43	37	25	5213866	5211876	5190247	5160867	5064703	4668192	57	815342	5213548	4641652	50.59	50.79	192417	211195	122687	135423	8	6	16	13	128	31	4660398	182	7	6 + 44 part	1144270	87.394	1.003	11.45	2222.31	36.34	190280	4068594	33686	42100	7335	17449	39	31	112	75
28099_1_11.contigs_spades	66	56	40	28	23	18	4995288	4988659	4949560	4860783	4775229	4593776	64	811694	4994441	4641652	50.84	50.79	322163	322856	171662	188098	6	5	11	10	92	23	4671435	146	1	21 + 34 part	818311	89.785	1.002	15.18	1265.60	24.07	355354	4174594	52093	55190	18436	28767	26	23	63	52
28099_1_120.contigs_spades	61	58	47	41	27	22	5153307	5151703	5128945	5087216	4832452	4664788	60	685721	5152842	4641652	50.73	50.79	229265	319825	136617	176284	6	5	13	11	154	23	4527944	179	5	14 + 40 part	1329311	82.086	1.004	16.09	2506.96	38.29	112989	3822653	25159	29239	-	8951	54	45	-	116
28099_1_122.contigs_spades	2612	1260	324	173	58	11	7971856	7271903	5414968	4310972	2570229	841711	1855	117118	7713371	4641652	50.62	50.79	12561	30253	3717	14681	133	49	409	106	83	70	992712	208	41	280 + 266 part	2165088	92.800	1.288	265.01	1251.29	20.38	114927	5519964	3895	13835	-	6461	285	81	-	207
28099_1_123.contigs_spades	106	97	79	63	45	29	4949621	4943887	4899297	4785097	4497464	3874685	104	400659	4948836	4641652	50.73	50.79	125942	126467	55736	66944	12	11	27	23	63	29	2469115	70	4	18 + 45 part	716613	90.809	1.004	10.18	486.50	9.42	358615	4224475	55310	60835	24779	30890	21	18	53	45
28099_1_124.contigs_spades	6	6	1	0	0	0	22709	22709	8554	0	0	0	6	8554	22709	4641652	52.71	50.79	4222	-	2928	-	2	-	4	-	2	1	3617	0	0	5 + 0 part	19092	0.078	0.999	0.00	138.12	27.62	2057	3617	-	-	-	-	-	-	-	-
28099_1_125.contigs_spades	98	88	74	62	47	29	5090486	5084602	5039092	4957971	4738176	4041169	94	341153	5088786	4641652	50.68	50.79	136821	150846	65010	88411	12	11	26	21	70	34	3721374	58	4	17 + 45 part	810452	91.771	1.004	7.62	622.09	9.53	255777	4272036	48330	57389	19572	32703	26	22	62	49
28099_1_127.contigs_spades	207	97	75	65	48	33	4889197	4831473	4786967	4710025	4428340	3907773	150	358741	4867028	4641652	50.86	50.79	106518	128406	59086	64262	13	12	29	26	58	29	2521802	71	5	67 + 42 part	679655	89.798	1.005	20.98	489.65	9.40	358616	4179469	61118	62795	24779	29081	22	21	53	47
28099_1_128.contigs_spades	123	87	72	67	47	27	4480787	4464585	4424170	4384032	4016848	3304310	98	316599	4471811	4641652	50.82	50.79	98504	98504	43478	42142	14	14	29	31	75	38	3115220	74	4	13 + 39 part	351039	88.283	1.006	0.00	782.25	13.50	160679	4110052	55208	52214	26186	22842	25	26	55	60
28099_1_129.contigs_spades	1322	646	226	141	62	23	6143857	5797629	4989109	4366202	3195053	1905825	941	187883	6018037	4641652	50.53	50.79	26311	36473	9118	18988	55	33	157	76	70	58	1347713	89	27	109 + 161 part	1197188	93.269	1.114	317.50	547.58	9.91	182344	4803762	14238	26152	1079	9799	80	45	472	119
28099_1_131.contigs_spades	88	76	64	56	44	29	4972092	4964943	4934247	4873828	4660489	4105815	83	265552	4970021	4641652	50.67	50.79	140577	154274	83022	112902	13	12	24	21	63	28	3417791	59	7	12 + 41 part	706145	91.498	1.004	8.97	645.87	11.11	246127	4259043	54575	67558	29018	34424	24	21	55	47
28099_1_132.contigs_spades	89	79	61	56	43	30	4909759	4903633	4853614	4818200	4602888	4121603	88	328295	4909272	4641652	50.75	50.79	140672	141859	72477	81818	12	11	23	21	63	29	3424017	38	6	15 + 33 part	588401	92.695	1.004	0.00	277.53	6.25	219933	4315196	73158	75542	26744	32886	20	18	47	41
28099_1_133.contigs_spades	33	31	28	24	21	16	4766140	4764889	4760015	4731510	4676499	4498222	32	705905	4765674	4641652	50.54	50.79	473906	473906	183421	183421	5	5	9	9	131	20	4626809	180	1	3 + 23 part	771472	85.921	1.002	14.25	2284.05	36.18	190389	3993296	38213	40379	13183	14703	36	34	84	78
28099_1_135.contigs_spades	102	91	72	68	47	29	4700316	4694832	4635689	4604328	4239934	3625040	96	322094	4697906	4641652	50.55	50.79	133101	133101	56745	60899	13	13	28	27	84	42	3236068	74	8	11 + 44 part	572501	88.265	1.007	9.32	776.65	13.38	160693	4115491	55335	56418	21905	22845	25	24	60	58
28099_1_136.contigs_spades	98	87	67	61	50	32	4865231	4859096	4801694	4755699	4596226	4003230	94	317706	4863759	4641652	50.78	50.79	121117	126085	66947	69950	13	12	27	24	61	29	3233643	38	4	12 + 40 part	568283	92.110	1.005	14.04	247.74	5.59	203147	4288602	73157	77690	31141	34146	23	21	49	44
28099_1_137.contigs_spades	47	40	31	29	26	19	5035505	5031848	5005938	4992849	4936254	4684938	45	580302	5034771	4641652	50.67	50.79	329244	349099	238293	244674	7	6	11	10	133	19	4627686	154	3	8 + 32 part	962405	87.397	1.004	21.47	2138.75	32.88	191215	4071768	41775	45534	10830	15260	35	30	94	71
28099_1_139.contigs_spades	43	38	35	31	26	21	4699008	4696376	4684894	4656627	4592261	4399069	41	540922	4698302	4641652	50.87	50.79	245592	245592	161338	161338	7	7	13	13	92	22	4230557	141	4	3 + 33 part	465338	90.943	1.003	6.24	1264.36	20.33	227228	4232750	55956	55956	29327	30046	21	21	51	49
28099_1_140.contigs_spades	2	1	0	0	0	0	3205	2383	0	0	0	0	2	2383	3205	4641652	48.55	50.79	2383	-	822	-	1	-	2	-	-	-	-	-	-	2 + 0 part	3205	-	-	0.00	-	-	-	-	-	-	-	-	-	-	-	-
28099_1_141.contigs_spades	69	62	45	36	30	23	4850568	4845939	4790936	4734588	4637977	4383192	68	635122	4850170	4641652	50.54	50.79	258902	258902	114637	114844	7	7	15	14	89	24	4070420	113	3	18 + 38 part	605284	91.223	1.003	5.71	1147.66	18.26	272278	4243493	59085	59615	27850	30112	23	22	54	49
28099_1_143.contigs_spades	147	124	99	81	51	29	4833830	4820078	4747006	4620133	4103582	3280633	140	216996	4831213	4641652	50.82	50.79	88940	98438	42073	44340	17	16	37	34	73	41	2631989	61	5	12 + 60 part	610380	90.250	1.008	11.88	458.38	9.52	203742	4204631	49345	51233	21060	24610	28	26	63	57
28099_1_144.contigs_spades	94	83	62	52	43	27	5035627	5029540	4964675	4894522	4755717	4134421	90	509875	5034312	4641652	50.77	50.79	172319	193931	72112	85794	9	8	22	18	51	26	3321631	49	9	15 + 40 part	715936	92.590	1.005	14.62	299.76	7.24	359855	4315003	60988	65302	26994	35328	20	17	51	41
28099_1_145.contigs_spades	1118	635	191	105	50	22	6170520	5915412	5014142	4403175	3556932	2552057	879	246136	6097788	4641652	50.49	50.79	36913	64457	8537	27004	34	18	124	48	48	38	1529492	73	16	110 + 134 part	1224569	94.054	1.116	236.27	562.50	10.72	246013	4857527	17890	40580	1244	9523	53	28	443	86
28099_1_147.contigs_spades	2469	1614	391	177	31	6	7902368	7369051	4869640	3381243	1218420	388502	2133	72099	7782102	4641652	50.51	50.79	8085	14712	2850	9143	236	89	647	188	96	83	875289	207	48	121 + 287 part	1950506	91.414	1.374	616.88	1351.72	23.17	59982	5807572	2660	6885	-	3587	564	191	-	432
28099_1_148.contigs_spades	64	57	45	42	33	24	4957136	4953256	4917872	4897100	4753030	4412232	60	623504	4955484	4641652	50.72	50.79	178699	322365	110817	119271	7	6	16	13	64	22	3567426	43	5	8 + 26 part	651104	92.496	1.003	25.12	237.51	6.08	358696	4302061	65908	78625	33961	39529	16	14	43	36
28099_1_149.contigs_spades	57	50	37	31	27	22	4791110	4787162	4746991	4708057	4626844	4425869	54	633474	4790047	4641652	50.59	50.79	253079	253421	123446	130181	7	6	14	13	96	25	4172598	119	2	13 + 31 part	551402	91.092	1.002	17.64	1187.11	18.49	272278	4237664	58155	59615	30040	30112	24	23	53	50
28099_1_14.contigs_spades	85	71	54	47	39	28	5293278	5285492	5238470	5192076	5050568	4628738	81	554560	5291756	4641652	50.41	50.79	185777	205410	101778	121028	9	8	19	15	126	34	4699927	179	4	22 + 48 part	1221000	87.365	1.004	30.63	2192.82	36.10	182995	4069773	30997	35307	4779	16134	44	34	133	80
28099_1_151.contigs_spades	53	49	41	37	30	23	5231844	5228918	5209204	5183283	5083450	4838164	53	627211	5231844	4641652	50.78	50.79	219619	283335	136635	159105	7	5	14	11	148	21	4420465	178	9	9 + 38 part	1409887	82.178	1.002	1.76	2507.06	38.56	112989	3821587	25059	28157	-	8951	57	46	-	118
28099_1_152.contigs_spades	99	86	73	64	45	32	5096586	5088853	5055574	4995780	4728984	4244675	94	259261	5094918	4641652	50.65	50.79	140556	145151	80828	92310	14	13	26	22	60	30	3641177	64	4	22 + 47 part	867725	90.734	1.004	19.33	673.12	11.28	203134	4223677	54306	60989	20826	33961	25	21	59	48
28099_1_153.contigs_spades	1668	174	52	45	29	26	5953225	5226955	5045631	5000234	4733687	4641770	753	366617	5623501	4641652	51.39	50.79	209738	222580	93566	152468	11	8	20	15	145	23	4325554	171	7	691 + 47 part	1803032	82.081	1.003	44.69	2519.70	38.64	112989	3818946	18492	27545	-	8344	69	48	-	123
28099_1_155.contigs_spades	61	56	44	36	31	23	4965158	4961744	4927103	4873302	4776277	4496882	61	816756	4965158	4641652	50.51	50.79	276211	288475	110018	115220	7	6	14	12	93	26	4547251	116	4	14 + 37 part	719165	91.201	1.003	1.81	1152.52	18.19	205266	4244828	57113	65083	23420	30629	25	22	59	50
28099_1_156.contigs_spades	55	52	39	34	27	22	4818051	4816010	4780322	4747142	4626382	4439471	55	819209	4818051	4641652	50.61	50.79	257488	257488	123452	124636	6	6	13	12	94	24	4309436	114	3	10 + 34 part	574964	91.226	1.002	17.23	1153.22	18.37	273411	4241988	58155	65291	27850	30112	23	21	54	49
28099_1_157.contigs_spades	146	124	87	70	51	30	5073468	5059237	4960857	4839431	4519001	3711942	141	309046	5071522	4641652	50.56	50.79	105804	116736	48684	66292	16	14	32	27	75	38	3463254	79	8	36 + 65 part	837553	90.749	1.005	13.43	891.28	14.01	156379	4225219	48213	51084	15439	28510	32	28	73	57
28099_1_159.contigs_spades	91	80	61	48	35	27	5055632	5049304	4992594	4900861	4713256	4388851	87	433235	5054143	4641652	50.77	50.79	202204	203863	90853	106704	9	8	18	15	56	24	3935907	48	7	19 + 41 part	737115	92.579	1.005	6.17	300.36	7.35	355355	4314708	64703	67126	29319	38206	18	15	47	38
28099_1_160.contigs_spades	106	99	78	65	47	30	4944792	4940611	4888171	4798106	4503775	3844239	104	400652	4943870	4641652	50.73	50.79	122604	125900	55736	65896	12	11	28	24	61	33	2885660	68	4	13 + 46 part	715068	90.731	1.004	8.29	486.37	10.09	358614	4221638	54752	57389	24779	30640	22	19	55	47
28099_1_161.contigs_spades	152	133	106	86	57	36	4931618	4920077	4844804	4699284	4189331	3432567	146	176723	4929099	4641652	50.71	50.79	77369	83882	43692	49148	22	20	42	37	50	32	1899011	43	10	24 + 57 part	743747	89.529	1.007	1.83	278.30	5.56	150228	4169471	56077	59336	17504	23115	29	26	69	59
28099_1_163.contigs_spades	57	52	41	32	29	23	4844812	4841719	4810836	4748874	4697652	4494242	56	816756	4844391	4641652	50.58	50.79	241155	241155	133011	139242	7	7	14	13	89	23	4404716	112	3	10 + 36 part	602596	91.212	1.002	17.05	1147.23	18.19	205266	4241381	58155	59615	27850	30112	24	23	55	50
28099_1_164.contigs_spades	2895	1104	308	151	32	4	6912081	5879775	4178933	3066095	1199538	254320	2379	65855	6749405	4641652	50.72	50.79	8462	14793	2356	7846	185	90	568	198	90	83	468774	77	33	212 + 175 part	1412061	92.106	1.248	963.43	703.70	11.18	61904	5290398	3516	8558	581	3135	327	133	1773	359
28099_1_165.contigs_spades	74	64	51	42	32	24	5292811	5285829	5252475	5187622	5027869	4699273	72	532485	5291873	4641652	50.56	50.79	213431	267421	101879	186830	8	6	16	12	139	29	4909198	186	7	18 + 47 part	1214276	87.565	1.003	3.95	2329.08	35.80	188644	4076520	34600	41637	4672	18093	41	32	120	72
28099_1_167.contigs_spades	77	72	61	54	39	23	4626278	4622709	4591388	4534670	4263074	3670506	76	467836	4625815	4641652	50.58	50.79	171175	171175	76843	76843	10	10	20	20	46	23	3029812	35	4	7 + 35 part	362002	91.523	1.004	7.33	216.09	5.06	356940	4256799	78249	78249	36235	36235	17	17	38	38
28099_1_168.contigs_spades	55	49	40	34	30	22	4882961	4879269	4855943	4814326	4752750	4466612	54	816756	4882608	4641652	50.51	50.79	242423	258902	114637	133011	7	6	14	12	91	21	4090627	115	4	10 + 32 part	637348	91.229	1.003	9.13	1153.35	18.30	272278	4243856	57113	63250	27724	30629	24	21	55	49
28099_1_169.contigs_spades	118	109	81	66	50	36	4902080	4896509	4813654	4702257	4448224	3995243	117	366332	4901725	4641652	50.88	50.79	106468	117486	61099	63054	15	13	31	28	54	27	2394114	69	8	23 + 48 part	699465	89.920	1.007	15.63	493.99	9.44	354576	4193703	61118	68435	23083	29081	23	21	55	47
28099_1_171.contigs_spades	90	74	58	43	32	21	5364402	5353044	5316838	5213695	5034294	4667933	87	669064	5363036	4641652	50.56	50.79	234017	358164	103530	164646	6	5	14	10	141	26	4840475	187	9	33 + 47 part	1282246	87.527	1.004	17.40	2330.21	35.81	188634	4079109	34600	41637	2413	18093	41	32	135	72
28099_1_172.contigs_spades	104	93	76	66	46	29	5402797	5396403	5343691	5276858	4972915	4311667	100	507028	5401262	4641652	50.53	50.79	107893	211341	61039	90583	10	7	25	17	112	39	4478104	169	9	18 + 63 part	1267952	88.615	1.005	6.28	2084.44	32.12	193560	4128194	30036	37913	3377	14937	43	32	142	80
28099_1_173.contigs_spades	63	56	44	40	33	25	5329577	5325727	5296641	5267492	5153791	4821588	60	632644	5328465	4641652	50.42	50.79	179691	213640	123338	135388	8	6	17	13	134	29	4745876	182	3	14 + 39 part	1266518	87.271	1.003	12.05	2188.61	35.80	182980	4061828	32222	40851	3374	17987	41	32	129	74
28099_1_175.contigs_spades	70	53	45	45	30	22	5411101	5401412	5384476	5384476	5155162	4884575	62	560354	5408069	4641652	50.63	50.79	245850	271034	165795	190595	9	7	15	12	150	21	4459492	177	8	18 + 40 part	1589389	82.011	1.003	34.02	2502.40	37.85	112989	3818177	22685	29239	-	9061	59	45	-	117
28099_1_176.contigs_spades	85	77	62	59	44	31	4759635	4755083	4714559	4689394	4439114	3929770	84	278868	4759317	4641652	50.82	50.79	128317	134367	75413	77215	13	12	25	24	62	32	3317268	42	1	8 + 30 part	441223	92.647	1.004	20.91	275.58	6.09	219933	4312060	73157	73157	32886	34146	19	19	44	42
28099_1_177.contigs_spades	99	86	69	56	41	28	5125059	5116871	5077475	5003398	4783151	4339355	95	359473	5123489	4641652	50.59	50.79	168673	175289	90853	110286	11	10	22	18	77	30	3572394	62	3	28 + 45 part	898652	90.611	1.005	4.68	671.38	11.32	359473	4221415	57389	64701	18810	34370	23	19	59	45
28099_1_179.contigs_spades	73	64	49	43	36	22	4795025	4790010	4756282	4708563	4602739	4070903	71	629304	4794348	4641652	50.67	50.79	189193	196861	98993	106230	8	7	17	16	53	27	3665786	36	2	14 + 24 part	500967	92.210	1.003	13.79	221.28	4.86	387086	4289065	78625	88603	36530	40121	14	13	36	33
28099_1_180.contigs_spades	118	107	81	63	42	30	5330242	5322690	5245354	5120981	4814945	4353612	117	385162	5329744	4641652	50.74	50.79	135699	151041	74022	90996	11	9	25	19	71	30	3368608	47	6	40 + 45 part	1044035	91.761	1.006	13.88	305.90	5.52	173065	4281368	59105	69104	14656	37684	27	22	64	44
28099_1_181.contigs_spades	106	101	82	65	47	31	4967405	4964780	4912883	4791957	4524499	3926422	105	357678	4967078	4641652	50.88	50.79	126259	132641	61753	71975	13	11	28	24	58	25	2646865	70	5	16 + 45 part	711731	91.236	1.005	9.82	488.92	9.45	354121	4247703	60835	62795	25322	30640	25	22	57	48
28099_1_183.contigs_spades	643	140	43	38	30	26	5320012	5055303	4898127	4859404	4740146	4590111	370	665537	5218230	4641652	50.26	50.79	195854	198031	92985	119205	7	6	18	13	72	24	4158802	44	5	322 + 27 part	913782	92.479	1.003	80.53	236.50	6.08	360034	4302035	65908	88701	25178	40580	17	13	46	33
28099_1_185.contigs_spades	77	71	48	42	36	30	5356521	5352793	5285902	5249181	5150041	4922393	77	584299	5356521	4641652	50.66	50.79	185911	202735	109273	148543	9	7	19	14	144	25	4244605	171	7	30 + 40 part	1546851	81.915	1.002	31.12	2515.45	38.37	112989	3808647	22685	28157	-	8611	60	46	-	121
28099_1_187.contigs_spades	63	57	45	36	29	24	4809493	4805278	4766648	4704099	4587352	4427658	63	445384	4809493	4641652	50.61	50.79	241185	241185	116417	135467	8	8	15	14	85	24	4085494	113	5	12 + 37 part	566323	91.197	1.002	10.00	1152.70	18.21	272278	4241076	59615	65385	27850	30112	22	21	53	48
28099_1_188.contigs_spades	55	45	38	34	27	24	5292074	5285556	5262827	5234545	5136764	5031083	53	717095	5291170	4641652	50.65	50.79	208414	319825	136615	191147	7	5	14	11	159	20	4693818	182	6	17 + 32 part	1478625	81.982	1.002	14.29	2509.10	38.10	112989	3812546	25058	29239	-	9090	57	45	-	114
28099_1_189.contigs_spades	160	115	49	32	27	20	5202984	5180944	5001722	4890353	4797537	4556446	134	1002807	5192977	4641652	50.39	50.79	350809	350809	114154	153316	5	5	13	10	85	17	3987089	129	8	76 + 47 part	1015217	89.771	1.003	4.62	1267.12	21.48	161638	4174338	40778	58322	15784	28753	32	27	76	58
28099_1_18.contigs_spades	97	83	70	56	39	24	5160469	5151298	5109773	5007109	4726933	4110573	94	662260	5159315	4641652	50.70	50.79	175014	203350	79675	88750	8	7	20	16	63	26	3853950	48	8	22 + 44 part	855110	92.212	1.006	5.39	307.39	7.36	355709	4301492	60292	65302	20881	37842	19	15	52	39
28099_1_191.contigs_spades	47	40	35	31	28	22	4868184	4863966	4846424	4816645	4766637	4564340	44	656669	4867066	4641652	50.49	50.79	316533	316533	134665	173727	5	5	12	10	118	23	4504776	173	2	7 + 29 part	861812	86.132	1.002	12.90	2202.41	34.74	249930	4004388	35763	37566	11915	17924	34	31	84	73
28099_1_192.contigs_spades	154	138	104	83	59	32	5287133	5278142	5192910	5039558	4658576	3696214	147	313524	5284546	4641652	50.46	50.79	91348	97377	42476	65654	18	15	38	29	115	57	4169028	125	9	42 + 80 part	1219938	87.000	1.007	7.27	1544.78	24.71	293941	4059750	30596	34623	4491	13431	47	37	139	87
28099_1_193.contigs_spades	71	63	53	47	38	25	4801355	4796293	4774413	4724403	4570968	4067260	70	563433	4800864	4641652	50.67	50.79	189130	189130	85260	88729	8	8	19	17	51	28	3366483	34	3	13 + 24 part	505116	92.276	1.003	21.56	222.43	4.90	219521	4290927	78625	88729	35487	37703	15	14	38	35
28099_1_195.contigs_spades	80	71	61	58	48	30	4795343	4789828	4759470	4730910	4571566	3956743	80	405159	4795343	4641652	50.77	50.79	123928	129271	67181	69860	12	11	24	23	64	32	3050084	38	4	8 + 34 part	519567	91.781	1.004	7.90	266.07	5.61	219936	4269625	76760	76988	32886	33737	20	19	46	43
28099_1_196.contigs_spades	96	84	68	58	45	31	5128635	5121725	5081182	5008617	4799520	4249274	90	306340	5125917	4641652	50.50	50.79	140992	154274	73394	102754	13	11	25	21	63	26	3221601	57	7	18 + 41 part	871122	91.314	1.004	20.00	647.99	11.18	246693	4250069	50465	67128	19330	34370	26	21	61	48
28099_1_197.contigs_spades	3775	1890	457	164	20	3	9154598	8019852	4865001	2870911	761663	193072	3350	73602	9025738	4641652	50.68	50.79	5581	12753	2179	7824	391	115	1050	234	154	144	949638	190	52	181 + 244 part	2014182	90.776	1.664	158.29	1281.69	19.27	29118	6977820	2297	5902	570	3603	850	240	2913	491
28099_1_199.contigs_spades	75	65	49	45	36	26	5190595	5185147	5137940	5104118	4925099	4557469	70	411296	5188812	4641652	50.44	50.79	203867	244058	95484	136366	9	8	18	14	90	28	4419939	133	9	10 + 49 part	974076	90.582	1.002	14.53	1265.22	22.14	204851	4213707	43117	55965	14530	24024	30	24	80	58
28099_1_19.contigs_spades	105	83	52	42	28	25	5414639	5400993	5314791	5243592	5020502	4905211	101	486874	5412929	4641652	50.70	50.79	224034	245850	125728	181147	8	7	16	12	157	22	4501041	173	4	59 + 35 part	1610242	81.683	1.003	14.34	2511.94	38.11	112989	3801290	22070	27889	-	8344	62	47	-	120
28099_1_1.contigs_spades	48	41	31	28	24	17	4955079	4951483	4926224	4906936	4835425	4577592	44	782974	4953397	4641652	50.83	50.79	323179	495751	218763	224750	5	4	9	8	88	18	4600742	144	1	10 + 27 part	784961	89.661	1.002	12.86	1263.93	23.67	197062	4166638	53118	55129	21677	28767	26	23	63	53
28099_1_200.contigs_spades	85	76	61	51	39	32	4704141	4698383	4657499	4587434	4381876	4123705	82	307299	4702890	4641652	50.93	50.79	129565	129565	83831	84222	12	12	24	23	77	34	3207892	63	5	4 + 43 part	519327	89.668	1.005	6.44	766.85	13.00	171930	4178262	66080	67442	29640	29751	23	22	48	47
28099_1_201.contigs_spades	526	340	238	187	116	68	9294880	9205802	8946953	8587924	7439762	5761291	410	253391	9252051	4641652	50.12	50.79	62086	101187	31353	77066	48	18	99	31	77	50	2483918	92	50	53 + 128 part	4019409	91.958	1.226	22.23	987.19	17.64	143925	5226559	5048	28844	-	13947	240	48	-	108
28099_1_203.contigs_spades	81	73	64	55	43	31	4763393	4758542	4734772	4666884	4455630	4025950	79	338316	4762502	4641652	50.85	50.79	138545	140459	66486	68421	11	10	24	22	72	38	3549507	41	4	8 + 36 part	452105	92.430	1.005	14.13	277.00	6.15	219936	4304489	66155	73157	31240	32886	20	19	45	42
28099_1_204.contigs_spades	122	109	79	66	45	34	4923001	4916411	4834598	4736953	4397980	4008888	116	287506	4920812	4641652	50.76	50.79	113490	116119	66195	69491	14	13	29	26	82	42	3814757	64	6	24 + 55 part	830828	87.435	1.008	6.97	823.30	14.17	235995	4082149	48558	50304	15523	21890	29	26	69	58
28099_1_205.contigs_spades	83	61	54	42	30	22	5020822	5009227	4991277	4913775	4718130	4441118	72	472286	5016891	4641652	50.65	50.79	302145	302145	121267	147144	7	7	14	12	154	24	4433202	168	4	15 + 46 part	1230075	81.356	1.003	1.87	2503.30	32.78	86100	3785323	27553	29624	1295	8405	54	48	178	119
28099_1_207.contigs_spades	73	64	54	47	37	18	4726726	4721399	4687877	4633472	4458787	3769474	69	580544	4725084	4641652	50.68	50.79	207933	207933	88614	106817	7	7	15	14	55	23	3440491	38	3	3 + 33 part	450269	91.847	1.003	16.59	208.67	4.95	356452	4270137	88614	89897	32100	33285	15	14	37	35
28099_1_208.contigs_spades	53	47	37	30	27	20	4850220	4846308	4817746	4769498	4717665	4462186	52	816762	4849828	4641652	50.59	50.79	258902	261015	145378	169511	7	6	13	12	93	22	4201541	113	3	12 + 31 part	603535	91.236	1.003	8.58	1149.56	18.28	272278	4245501	58155	59615	27850	30112	23	22	54	49
28099_1_209.contigs_spades	75	62	57	51	44	32	4790564	4783213	4767839	4718770	4576166	4168471	72	328807	4789584	4641652	50.82	50.79	135686	135686	79718	81876	12	12	24	23	61	30	3406233	49	4	7 + 31 part	494329	92.224	1.003	21.25	263.06	6.00	219936	4290201	68751	68936	30549	32632	20	19	47	43
28099_1_211.contigs_spades	94	84	68	62	45	29	4490744	4485835	4432809	4383752	4094228	3552369	89	351063	4488783	4641652	50.82	50.79	123342	119848	58511	54832	12	13	26	28	74	35	3177968	75	5	5 + 46 part	363696	88.380	1.006	9.22	785.19	13.50	160704	4115056	56418	55128	26193	22976	24	25	54	59
28099_1_212.contigs_spades	61	53	48	44	39	30	5187545	5182742	5168807	5131727	5038545	4715014	60	423342	5187230	4641652	50.43	50.79	189304	202614	102639	129469	9	8	19	15	101	31	4451234	136	4	7 + 42 part	971859	90.621	1.002	20.15	1266.05	22.01	204851	4214113	38419	53143	14660	24481	32	26	81	60
28099_1_213.contigs_spades	39	38	32	29	24	20	4870101	4869504	4861353	4839921	4757211	4606097	39	710322	4870101	4641652	50.50	50.79	279711	344083	145596	159362	6	5	12	11	131	23	4686432	183	1	4 + 27 part	857321	86.311	1.002	20.96	2277.48	36.49	190389	4011652	37296	38246	11294	15261	39	36	92	79
28099_1_214.contigs_spades	1809	505	146	94	59	30	6630932	6022177	5300106	4942633	4396189	3323478	940	218643	6331596	4641652	50.42	50.79	57650	89040	14431	46257	28	16	78	34	57	36	2513432	72	12	479 + 123 part	1792242	93.126	1.050	36.52	672.40	10.29	206089	4518414	32400	48887	-	26685	48	26	-	58
28099_1_216.contigs_spades	107	96	72	64	48	35	5328673	5321357	5250993	5192625	4930762	4459970	105	340342	5327921	4641652	50.39	50.79	129880	133746	70334	88875	13	11	28	21	77	34	3964474	65	8	18 + 58 part	1032681	92.037	1.005	6.91	538.25	11.21	202394	4291244	57795	64496	17995	31004	27	22	67	46
28099_1_217.contigs_spades	54	49	40	33	27	22	4843185	4840108	4813104	4767186	4656155	4483488	53	816756	4842789	4641652	50.58	50.79	241791	241791	138624	147924	7	7	13	12	90	23	4413491	113	3	10 + 34 part	600046	91.246	1.002	15.28	1153.32	18.18	205266	4241973	58155	65083	27850	30112	24	22	55	50
28099_1_218.contigs_spades	125	111	79	66	47	34	5128823	5120943	5033972	4941699	4632761	4184448	121	284374	5127300	4641652	50.69	50.79	106698	114162	72569	83590	15	12	29	24	99	32	3694141	118	6	33 + 66 part	981979	88.814	1.006	14.90	1218.68	23.36	163134	4141216	38486	43708	12032	19761	39	34	95	71
28099_1_220.contigs_spades	51	44	36	30	26	19	4781051	4776519	4750178	4703306	4629491	4373923	50	825200	4780639	4641652	50.64	50.79	272812	272812	133011	174127	5	5	11	10	90	21	4126995	115	2	8 + 29 part	538554	91.180	1.002	14.06	1153.38	18.29	272278	4240362	58155	59615	29963	30112	22	21	52	49
28099_1_221.contigs_spades	161	135	103	82	52	34	4839395	4825246	4737370	4593713	4057481	3422899	146	221426	4833472	4641652	50.75	50.79	84290	88605	41924	48355	20	18	39	36	53	33	1959666	44	9	20 + 58 part	650016	89.525	1.007	7.88	280.19	5.56	150224	4168283	58581	59336	21714	24737	27	26	63	57
28099_1_222.contigs_spades	94	46	36	32	27	20	5015390	4995837	4974594	4949273	4863710	4621116	54	434085	5000696	4641652	50.66	50.79	315660	315660	186317	236695	7	7	12	11	125	22	4678121	155	4	14 + 34 part	924952	87.425	1.004	13.40	2127.38	32.50	191215	4074836	42782	45534	11853	17281	34	30	89	70
28099_1_224.contigs_spades	51	44	38	33	29	21	5376632	5372425	5354339	5315601	5236863	4945752	49	709289	5375838	4641652	50.31	50.79	373770	381269	145905	237502	6	5	11	9	139	20	4721660	185	2	12 + 29 part	1324719	87.134	1.002	6.66	2385.02	37.90	188873	4050253	32334	38662	1326	16696	44	34	149	75
28099_1_225.contigs_spades	156	137	103	83	50	33	4832768	4821177	4724139	4580505	3983494	3385729	149	280560	4829829	4641652	50.76	50.79	77502	83853	38807	47901	19	18	39	35	47	32	2040136	45	11	24 + 58 part	647325	89.505	1.007	9.17	279.17	5.54	192189	4166860	56867	59110	19304	22325	27	25	63	57
28099_1_226.contigs_spades	118	102	79	70	45	32	5113204	5102760	5042413	4975657	4573034	4116083	113	361063	5111310	4641652	50.66	50.79	110377	143457	72004	80717	14	12	28	23	108	40	4065681	119	10	26 + 60 part	963425	88.732	1.007	14.03	1216.25	23.14	163038	4142038	38486	44772	11624	18385	37	32	94	70
28099_1_228.contigs_spades	50	42	35	31	25	19	4742738	4737780	4722450	4698279	4597790	4387130	48	1300605	4742024	4641652	50.81	50.79	352189	352189	135801	150943	4	4	10	9	62	15	3655727	41	0	7 + 21 part	372257	93.953	1.002	6.58	389.71	8.05	286276	4367236	100870	105731	49847	53488	16	15	32	31
28099_1_229.contigs_spades	101	90	72	68	45	27	4491285	4485376	4427850	4399442	3988366	3350714	96	322115	4489407	4641652	50.82	50.79	106510	106510	49243	42125	14	14	28	30	66	37	3080673	71	8	6 + 45 part	362665	88.406	1.006	8.95	782.36	13.53	160704	4116308	55347	52214	26193	22845	24	25	55	60
28099_1_22.contigs_spades	110	88	51	36	25	22	5419176	5404019	5314785	5207426	5032212	4921271	108	606927	5418319	4641652	50.71	50.79	222715	258180	167574	187608	7	6	14	11	151	21	4548220	165	5	62 + 39 part	1617122	81.679	1.003	35.34	2505.27	37.90	112989	3800426	22070	28383	-	8074	62	47	-	121
28099_1_230.contigs_spades	87	75	65	58	46	31	4902807	4895483	4867344	4814893	4612874	4082002	86	282769	4902335	4641652	50.70	50.79	133224	138980	67829	82486	12	11	25	22	61	32	3227251	37	3	9 + 37 part	585546	92.590	1.004	8.87	274.52	6.17	219936	4311050	74819	77686	27803	31822	19	17	46	40
28099_1_232.contigs_spades	57	52	42	37	24	19	5076211	5073224	5040104	5007332	4808726	4611714	57	905844	5076211	4641652	50.74	50.79	253298	296163	159782	169884	6	5	13	11	156	19	4331625	172	6	17 + 34 part	1265061	81.906	1.002	9.10	2501.00	35.35	112976	3810434	25385	29240	328	8074	56	48	210	120
28099_1_233.contigs_spades	91	83	67	56	40	28	4962318	4956927	4914369	4838206	4600410	4168000	91	481417	4962318	4641652	50.86	50.79	150193	158145	80621	91056	11	10	22	19	61	28	3433655	41	4	20 + 35 part	684848	91.755	1.004	11.10	270.30	5.14	336425	4272684	77149	81710	30214	37377	21	18	46	39
28099_1_234.contigs_spades	66	56	45	36	32	26	5140405	5133952	5103609	5043480	4973321	4785585	64	857876	5139570	4641652	50.49	50.79	196536	231342	143354	157979	7	6	15	12	102	25	4581408	147	3	16 + 35 part	925095	90.493	1.003	18.66	1282.30	22.31	226865	4212111	47935	54014	15131	26921	31	26	76	58
28099_1_236.contigs_spades	148	127	103	78	51	28	4867056	4854777	4794511	4625450	4168101	3279223	140	296179	4863997	4641652	50.81	50.79	101424	109589	42165	45285	15	14	37	33	78	38	2551179	59	5	11 + 60 part	648523	90.062	1.008	0.08	457.64	9.59	203742	4196987	46889	49386	20040	25511	29	27	66	58
28099_1_238.contigs_spades	46	38	31	27	21	16	4878911	4874418	4858225	4829790	4736080	4559075	43	979657	4877833	4641652	50.79	50.79	415667	415667	206106	210484	4	4	9	8	88	18	4632729	135	0	10 + 26 part	664766	90.620	1.002	27.57	1269.11	23.11	286808	4212184	67239	68073	24652	29938	22	20	53	47
28099_1_23.contigs_spades	92	81	69	53	39	25	5156536	5150410	5121884	5006444	4789220	4242167	89	555199	5155459	4641652	50.69	50.79	184658	202082	79654	96020	8	7	20	15	65	29	4008547	46	6	18 + 42 part	856013	92.188	1.005	8.88	303.34	7.57	355355	4296649	60292	65302	20881	36159	19	15	52	39
28099_1_240.contigs_spades	121	64	44	38	27	20	5154740	5130920	5078594	5032912	4881825	4607573	77	882239	5139207	4641652	50.29	50.79	289248	382954	119749	150810	5	4	12	9	74	21	4396834	83	9	24 + 37 part	808828	92.861	1.005	8.74	782.66	13.83	355031	4328318	76411	84955	29391	41784	20	17	46	36
28099_1_241.contigs_spades	104	95	78	68	45	33	5330268	5325685	5281471	5214493	4823457	4388240	99	482595	5328416	4641652	50.56	50.79	107893	133318	61959	85879	11	8	26	19	111	38	4345635	170	8	19 + 59 part	1200399	88.497	1.005	0.02	2082.49	32.09	193560	4121825	29147	35928	5359	14534	43	32	132	81
28099_1_242.contigs_spades	93	82	68	64	45	29	4580286	4574957	4534548	4503089	4181432	3607644	88	322074	4578551	4641652	50.76	50.79	119814	106350	64560	58431	13	14	26	27	69	34	3372642	72	7	3 + 43 part	449406	88.451	1.006	8.80	778.64	13.42	164954	4119818	58615	56418	24601	22976	23	24	54	56
28099_1_244.contigs_spades	102	86	71	62	44	30	5152419	5141477	5097400	5033797	4765777	4268512	100	631396	5151618	4641652	50.73	50.79	137967	157366	77355	91234	11	9	24	19	59	30	3408842	40	5	19 + 41 part	858696	92.042	1.005	17.31	279.36	5.73	286263	4287824	64594	77409	23024	36750	23	19	53	41
28099_1_245.contigs_spades	81	67	54	44	33	23	5411134	5401250	5361136	5297763	5128276	4785065	78	654428	5409937	4641652	50.47	50.79	256893	316887	105882	200387	7	6	15	10	140	27	4812268	190	5	25 + 46 part	1331187	87.480	1.004	2.57	2329.39	35.56	188634	4077450	33911	40996	1301	17980	43	33	160	73
28099_1_246.contigs_spades	157	123	90	75	52	36	5013295	4997323	4910202	4797809	4430274	3887057	135	246433	5005614	4641652	50.74	50.79	94290	96904	54103	64231	16	14	34	29	62	29	2726690	39	11	13 + 64 part	688199	92.512	1.005	8.31	240.01	4.77	161973	4306485	54617	57773	19819	30894	29	25	64	53
28099_1_248.contigs_spades	1523	633	227	145	52	16	6106899	5659096	4770415	4177743	2759819	1445228	1128	180090	6000454	4641652	50.61	50.79	21381	34247	7264	15992	63	38	184	89	62	54	890943	51	25	97 + 150 part	1180940	93.753	1.107	373.01	295.01	5.03	179038	4797925	12752	23659	868	8201	87	47	581	132
28099_1_249.contigs_spades	89	82	63	53	42	29	5046814	5042626	4985315	4914284	4739778	4233477	86	357442	5045714	4641652	50.76	50.79	184663	203863	71361	88557	10	9	22	18	55	24	3881105	50	9	15 + 43 part	722908	92.474	1.007	1.47	300.14	7.43	355355	4319990	60303	65152	29209	38020	19	16	49	40
28099_1_250.contigs_spades	1908	538	117	73	37	21	6903572	6267950	5435781	5116802	4600876	4048483	975	553546	6579307	4641652	50.06	50.79	124931	194924	13092	115863	14	8	58	15	151	29	4009229	204	13	511 + 129 part	2408601	85.288	1.054	99.78	2477.34	34.83	112976	4157783	9226	25385	-	7619	111	50	-	133
28099_1_252.contigs_spades	64	59	47	38	32	23	4868081	4864965	4825761	4765310	4664342	4339085	63	697592	4867668	4641652	50.54	50.79	192394	241422	113860	116431	7	6	16	14	89	25	4032254	114	4	16 + 36 part	622593	91.213	1.003	19.80	1151.10	18.28	272278	4242594	57113	59085	27850	30998	24	22	54	48
28099_1_253.contigs_spades	87	70	52	47	29	25	5418289	5408056	5362096	5329664	5066319	4907246	81	631253	5415745	4641652	50.70	50.79	225270	279964	114329	159200	7	6	16	12	145	21	4468038	174	5	32 + 42 part	1606554	81.845	1.003	18.78	2508.60	37.46	112989	3808329	23720	28383	-	8905	61	46	-	118
28099_1_254.contigs_spades	86	60	51	44	31	24	5178263	5166338	5148882	5098368	4893940	4660771	69	970716	5172335	4641652	50.78	50.79	260089	273651	118777	136616	7	6	15	12	152	21	4398009	175	7	19 + 43 part	1374480	81.511	1.004	20.28	2503.48	37.66	112989	3796847	25060	28383	-	8402	56	46	-	117
28099_1_256.contigs_spades	55	51	38	31	26	20	4848817	4846175	4807100	4758030	4667232	4441155	55	816848	4848817	4641652	50.65	50.79	327400	327400	114921	133011	6	6	12	11	91	20	4044869	112	2	16 + 29 part	607796	91.212	1.002	17.65	1150.21	18.33	272278	4239635	59615	63250	29970	30660	23	22	54	49
28099_1_257.contigs_spades	55	46	37	32	23	18	5256398	5251080	5224797	5188354	5056905	4887416	51	640939	5254771	4641652	50.45	50.79	303473	329289	207826	248131	7	6	12	10	158	18	4420147	163	4	16 + 29 part	1451943	81.705	1.003	14.39	2536.73	36.89	120674	3802062	23855	29078	-	7959	57	46	-	119
28099_1_258.contigs_spades	713	286	95	73	39	22	5872821	5652483	5295073	5140826	4618502	3964443	464	508566	5778014	4641652	50.32	50.79	142708	208433	37476	92042	11	8	31	16	82	37	3567805	72	11	59 + 101 part	1157250	92.762	1.073	41.68	634.65	11.31	224875	4615647	58594	80660	1660	37662	28	20	129	41
28099_1_260.contigs_spades	69	63	51	47	31	29	5400140	5396928	5364350	5332148	5068737	4991633	67	559908	5399406	4641652	50.62	50.79	210017	222716	107861	159196	9	7	17	13	144	23	4389052	169	8	17 + 44 part	1583420	81.975	1.003	20.09	2503.83	37.87	112989	3815018	23852	28627	-	8611	59	45	-	118
28099_1_261.contigs_spades	105	97	71	63	49	30	4845659	4841081	4761631	4699182	4470072	3824569	103	366335	4844877	4641652	50.81	50.79	106525	133310	61753	67850	12	11	27	25	57	28	2806479	70	4	15 + 43 part	663094	89.655	1.005	14.65	488.75	9.42	358615	4173312	60989	62795	25144	29081	22	20	53	47
28099_1_262.contigs_spades	5465	2240	404	122	14	4	9871601	8082025	4104866	2173486	618291	318374	4343	112027	9540958	4641652	50.38	50.79	3961	9089	1616	6237	555	138	1508	293	109	99	685715	281	58	393 + 287 part	2541378	94.099	1.603	298.96	1808.73	25.12	20921	6949689	1505	4095	-	2628	1347	343	-	701
28099_1_264.contigs_spades	99	88	74	65	49	30	5111990	5104981	5072230	5009524	4762782	4107638	95	301439	5110399	4641652	50.65	50.79	114137	144670	72569	88562	13	11	26	22	103	37	4055605	119	7	12 + 61 part	956562	88.890	1.007	7.26	1218.98	23.22	163038	4149805	38486	43933	12032	20249	38	33	93	70
28099_1_265.contigs_spades	4457	2017	394	122	13	1	8824339	7346121	3870898	2019489	500056	52520	3881	52520	8631459	4641652	50.74	50.79	4193	8685	1610	5733	493	155	1327	322	123	115	610109	198	45	127 + 221 part	1537525	93.941	1.627	291.97	1523.06	21.03	24774	7062800	2165	4930	671	3077	925	302	2823	603
28099_1_266.contigs_spades	93	85	65	57	46	30	4973291	4968785	4912100	4850910	4644609	4050292	90	308065	4972039	4641652	50.67	50.79	127706	133234	83022	98073	13	12	25	22	60	27	3350672	55	9	13 + 44 part	706991	91.500	1.004	14.00	645.80	11.21	247808	4260484	54575	60989	26744	31473	24	22	57	49
28099_1_268.contigs_spades	62	56	45	36	32	24	4964746	4960245	4930932	4865279	4790710	4500514	62	816753	4964746	4641652	50.51	50.79	251015	251015	114899	116280	7	7	15	13	88	23	4258046	117	5	16 + 38 part	720235	91.246	1.002	11.20	1147.83	18.35	205266	4242717	59389	67026	24024	30629	24	22	57	48
28099_1_269.contigs_spades	64	54	43	36	25	17	5037203	5031692	5002698	4960624	4771126	4489779	60	696473	5035791	4641652	50.60	50.79	269965	315991	171617	179791	6	5	12	10	164	21	4447362	165	4	14 + 39 part	1243956	81.427	1.003	1.71	2509.43	33.42	87171	3790483	25979	29242	780	8405	55	48	194	122
28099_1_26.contigs_spades	61	54	39	32	29	22	4879492	4874763	4834900	4787324	4736067	4488014	60	819213	4879138	4641652	50.59	50.79	273878	273878	132932	135241	6	6	13	12	92	24	4389851	116	3	15 + 33 part	635866	91.179	1.003	16.95	1145.25	18.15	205266	4241953	59841	65211	27724	30112	24	22	56	50
28099_1_270.contigs_spades	42	36	34	30	27	25	5028872	5025630	5017817	4992755	4940387	4872845	40	709718	5028140	4641652	50.53	50.79	349578	415618	132209	139835	5	4	12	10	128	27	4790596	189	0	2 + 31 part	917020	88.303	1.003	7.80	2173.92	34.89	191478	4110878	35766	44522	11937	18759	34	29	87	68
28099_1_272.contigs_spades	70	64	51	41	26	19	5024982	5021018	4992350	4923628	4692964	4453975	68	822767	5024155	4641652	50.66	50.79	269863	295661	157798	179244	6	5	12	10	156	22	4429239	173	9	17 + 46 part	1239398	81.270	1.003	6.71	2490.00	35.73	112976	3783557	25588	29240	890	8611	54	47	189	118
28099_1_273.contigs_spades	98	89	73	63	43	26	4478950	4473935	4426508	4349091	3997271	3383252	94	349167	4477465	4641652	50.83	50.79	119768	119768	56667	43420	13	13	26	29	69	31	3132113	73	6	11 + 41 part	360077	88.269	1.005	9.00	771.49	13.35	160701	4107118	56418	55128	26193	22737	24	25	54	59
28099_1_274.contigs_spades	120	56	44	38	28	23	5221049	5194455	5161680	5120472	4953173	4766759	68	565947	5202778	4641652	50.42	50.79	358947	358947	131962	161773	6	6	13	10	126	24	4670512	185	1	28 + 31 part	1083995	88.437	1.003	39.29	2166.23	34.35	191478	4118083	33686	44364	8619	18446	37	29	101	70
28099_1_276.contigs_spades	2558	969	297	173	58	18	7696579	6897297	5587576	4700050	2965091	1537104	1612	201022	7367369	4641652	50.46	50.79	15999	36322	5238	18571	95	37	285	83	67	60	1560574	113	30	376 + 230 part	2190727	93.488	1.193	170.93	682.38	10.88	177527	5149644	7855	21210	-	9624	156	52	-	133
28099_1_277.contigs_spades	46	40	28	28	25	22	4928922	4925191	4893501	4893501	4838235	4732520	45	855793	4928604	4641652	50.56	50.79	254752	284173	183687	208079	6	5	11	10	137	23	4687256	181	1	12 + 28 part	829633	88.066	1.003	8.16	2188.42	34.32	190281	4098490	36784	41648	14515	18476	34	31	84	71
28099_1_278.contigs_spades	1264	503	201	125	66	24	6396520	5989055	5361819	4829021	3909767	2440729	961	331139	6307116	4641652	50.30	50.79	35464	58679	10927	31560	41	22	116	51	56	45	1470818	41	18	94 + 145 part	1499376	94.407	1.097	385.77	325.53	5.75	242002	4792194	21488	42655	537	13094	60	32	759	80
28099_1_27.contigs_spades	76	64	53	42	28	21	5033802	5027487	4991696	4920725	4703516	4460706	71	519483	5031914	4641652	50.63	50.79	266152	302109	121267	147660	7	6	14	11	159	24	4510855	171	5	17 + 47 part	1248346	81.306	1.003	9.26	2501.82	32.64	86100	3782934	27426	29553	737	8405	55	48	192	120
28099_1_280.contigs_spades	123	112	86	67	46	35	5067645	5060644	4999753	4871083	4534562	4070550	119	251891	5065888	4641652	50.64	50.79	114852	128674	60672	69853	15	13	31	26	69	35	3199584	57	6	31 + 49 part	797668	91.570	1.004	15.06	631.95	9.67	206089	4260599	48887	52321	21707	31214	29	25	64	53
28099_1_281.contigs_spades	119	107	75	67	43	28	5426130	5419579	5338118	5278489	4935734	4400216	112	445805	5423375	4641652	50.52	50.79	132859	175799	86246	111969	12	9	24	18	98	33	4176532	145	11	39 + 61 part	1193682	90.633	1.005	40.66	1300.78	22.11	153634	4226733	42008	54244	7741	23446	36	28	103	62
28099_1_282.contigs_spades	122	80	64	59	47	30	4774886	4758490	4715246	4676366	4484982	3861157	86	405073	4762267	4641652	50.82	50.79	128284	133224	62321	66428	12	11	25	24	53	33	3489555	38	4	8 + 35 part	447251	92.633	1.004	24.99	275.62	6.16	219933	4309328	66155	73157	32045	33304	20	19	45	43
28099_1_284.contigs_spades	78	71	48	43	33	20	5172777	5168177	5107056	5073937	4893555	4430729	78	498960	5172777	4641652	50.52	50.79	239674	253723	121665	150425	8	7	15	12	68	22	4183037	66	7	25 + 41 part	890251	91.989	1.003	2.71	777.81	14.19	296047	4282061	73925	76772	24092	34007	21	18	53	40
28099_1_285.contigs_spades	133	118	79	68	45	33	4910767	4902508	4793813	4712340	4339127	3928284	127	288177	4908106	4641652	50.75	50.79	109522	116217	65854	67813	14	13	29	26	66	36	3261276	58	10	30 + 61 part	823821	87.403	1.007	1.89	823.41	14.25	235995	4075917	48558	50304	15105	21551	28	26	71	60
28099_1_286.contigs_spades	80	66	53	46	37	25	4801491	4795498	4768262	4708196	4567324	4094873	70	397722	4797917	4641652	50.67	50.79	215977	215977	85234	86618	8	8	18	17	59	29	3651677	38	2	11 + 26 part	501613	92.268	1.003	7.82	223.64	4.97	219521	4291790	76626	79845	35345	37703	16	15	39	36
28099_1_288.contigs_spades	62	58	42	36	31	23	4879403	4876720	4828580	4787826	4702639	4424399	62	640067	4879403	4641652	50.53	50.79	250545	250545	114587	133160	7	7	15	13	84	24	4356690	114	5	13 + 38 part	637274	91.225	1.002	15.33	1153.10	18.23	205266	4240963	59615	65120	27724	30112	24	22	55	49
28099_1_289.contigs_spades	112	103	71	60	46	31	4984846	4979049	4889931	4802613	4577553	4054580	110	590260	4984182	4641652	50.82	50.79	114741	123295	66827	79031	12	11	26	23	59	27	3196576	68	5	22 + 44 part	704595	91.733	1.005	18.44	483.22	9.58	354577	4271735	56962	60989	25025	30640	24	21	57	48
28099_1_290.contigs_spades	2190	822	293	173	40	13	6720565	5957517	4851174	3990401	1947849	995202	1704	126784	6556485	4641652	50.42	50.79	14092	21470	4762	13028	114	56	307	129	73	64	1105614	130	32	142 + 195 part	1533593	91.913	1.177	771.14	1157.15	18.85	116286	4991201	6028	12769	521	4779	200	92	1458	238
28099_1_292.contigs_spades	63	58	45	39	31	25	5475791	5473446	5437652	5389610	5239422	5016434	59	501943	5474131	4641652	57.37	50.79	280122	298382	142626	188349	8	7	15	12	0	0	0	0	8	31 + 28 part	5436145	0.744	1.099	12.53	3556.65	214.15	14146	37986	-	-	-	-	-	-	-	-
28099_1_293.contigs_spades	65	58	50	44	30	20	5013987	5010611	4985037	4951359	4724160	4398206	61	700697	5012336	4641652	50.65	50.79	302110	302110	121910	147256	6	6	13	11	161	25	4498249	171	3	10 + 43 part	1227140	81.344	1.003	5.85	2502.25	32.74	86100	3784003	27553	29624	1417	8344	54	48	177	120
28099_1_294.contigs_spades	63	56	45	40	29	19	5165230	5161646	5134705	5098580	4927293	4597285	60	693086	5164025	4641652	50.72	50.79	252313	279469	173828	209762	7	6	13	11	161	22	4540578	172	10	16 + 35 part	1372461	81.428	1.003	14.54	2509.32	37.38	112989	3790663	24236	27889	-	7640	56	46	-	124
28099_1_296.contigs_spades	3	3	2	1	1	0	52093	52093	49854	44749	44749	0	3	44749	52093	4641652	54.50	50.79	44749	-	44749	-	1	-	1	-	-	-	-	-	-	3 + 0 part	52093	-	-	0.00	-	-	-	-	-	-	-	-	-	-	-	-
28099_1_297.contigs_spades	106	99	74	62	46	28	4851361	4847113	4781068	4682532	4413957	3783082	103	577658	4850127	4641652	50.77	50.79	114394	115536	56095	68616	12	11	26	23	69	35	3411968	68	2	15 + 49 part	607147	90.940	1.005	3.13	484.90	9.33	335232	4236499	60989	61118	25500	30640	22	21	54	48
28099_1_298.contigs_spades	3729	1912	453	174	18	2	9300653	8164161	4853786	2941921	687655	148718	3376	95545	9183745	4641652	50.70	50.79	5402	11916	2232	8227	403	117	1057	234	127	116	752082	181	46	201 + 243 part	2127864	93.634	1.623	241.49	1091.75	16.18	30480	7030600	2351	5690	550	3783	870	247	3011	497
28099_1_2.contigs_spades	90	82	66	53	40	27	4947742	4941932	4908218	4823638	4610180	4172803	89	515741	4947321	4641652	50.64	50.79	153887	174997	88567	91019	9	8	20	17	73	29	3503593	62	4	20 + 45 part	717251	90.756	1.004	9.38	663.06	11.47	360580	4226219	59280	60988	26911	34370	21	19	53	45
28099_1_300.contigs_spades	60	54	40	39	28	24	5204929	5200990	5162767	5157516	4996517	4862263	59	486685	5204471	4641652	50.74	50.79	220992	228951	151093	194377	9	8	16	13	153	23	4401227	175	5	11 + 37 part	1375731	82.210	1.003	13.10	2508.14	38.08	112989	3827814	24147	28383	-	8951	58	47	-	120
28099_1_301.contigs_spades	81	73	62	57	43	29	4784654	4779794	4747473	4709548	4453820	3936716	81	405250	4784654	4641652	50.76	50.79	139034	139034	66428	77922	11	11	24	22	58	31	3344088	39	4	6 + 33 part	467681	92.617	1.004	7.06	275.18	6.19	219933	4311262	73157	74819	29765	32184	19	18	45	42
28099_1_302.contigs_spades	128	107	73	60	45	32	5122185	5109662	5015173	4916684	4676293	4187967	120	301478	5119139	4641652	50.69	50.79	123488	135344	72506	85103	13	12	27	22	107	31	3720084	123	5	37 + 61 part	972917	88.730	1.007	4.22	1215.68	23.36	163038	4142104	40855	44609	12068	20085	38	33	91	69
28099_1_303.contigs_spades	127	103	81	69	46	35	5136231	5121524	5063734	4971563	4596292	4212534	121	284503	5134066	4641652	50.69	50.79	106771	122717	71361	77349	15	12	29	24	107	40	4042880	121	8	31 + 64 part	982307	88.837	1.007	12.02	1217.58	23.28	163134	4147477	38351	43933	11624	19761	40	34	96	72
28099_1_305.contigs_spades	69	59	49	43	28	22	5021173	5015723	4987285	4952665	4702755	4493517	65	663229	5019683	4641652	50.65	50.79	251920	251920	127861	131847	7	7	15	13	161	25	4524579	172	4	11 + 46 part	1232165	81.332	1.003	18.39	2503.37	32.90	86100	3786414	27553	29706	1282	8611	54	48	180	119
28099_1_306.contigs_spades	74	65	51	45	38	21	4729510	4725061	4684801	4636544	4503008	3884159	68	398890	4727296	4641652	50.68	50.79	182798	182798	84012	88614	8	8	17	16	56	27	3701338	36	3	4 + 34 part	453919	91.818	1.003	19.12	202.61	4.97	356452	4269108	88614	88614	32014	33117	15	15	37	35
28099_1_307.contigs_spades	47	40	31	30	29	20	5038637	5034867	5010237	5004437	4992204	4684116	46	409387	5038234	4641652	50.63	50.79	340422	340422	186270	252822	7	7	12	11	123	21	4576116	157	4	7 + 34 part	964364	87.415	1.004	13.48	2127.18	32.53	192878	4073167	41775	45534	10830	16360	35	30	92	69
28099_1_309.contigs_spades	71	60	50	41	26	21	5019349	5012845	4983411	4928706	4684850	4504486	67	700617	5017732	4641652	50.65	50.79	247921	266141	127238	131847	7	6	14	12	165	25	4590029	171	3	15 + 45 part	1232981	81.325	1.003	8.31	2500.85	32.53	86100	3783030	27553	29624	1241	8611	54	48	180	119
28099_1_30.contigs_spades	53	49	39	34	29	22	4842772	4840381	4809336	4773791	4685624	4425495	52	804880	4842419	4641652	50.58	50.79	266456	266456	114814	116257	6	6	13	12	94	25	4453713	115	5	9 + 34 part	598155	91.240	1.002	6.92	1151.03	18.35	206621	4243351	57113	58155	27850	30629	24	23	55	50
28099_1_310.contigs_spades	56	45	29	25	23	19	5210239	5203447	5160498	5135367	5103629	4976548	52	870329	5208743	4641652	54.63	50.79	407044	493056	181555	199421	5	4	10	8	1	1	27328	0	3	29 + 22 part	5181175	0.558	1.064	28.39	3596.10	204.50	14130	27250	-	-	-	-	-	-	-	-
28099_1_311.contigs_spades	117	101	79	71	57	37	4905877	4895157	4830793	4771586	4542875	3856672	113	284244	4904154	4641652	50.88	50.79	91978	97003	57445	61219	18	16	34	31	60	31	2567817	71	6	21 + 47 part	702951	89.936	1.006	12.91	493.47	9.56	201859	4193471	60989	62795	23083	26901	25	23	58	51
28099_1_313.contigs_spades	96	83	68	57	46	32	5360486	5353607	5310319	5234776	5036540	4572757	90	418586	5358320	4641652	50.75	50.79	164374	183078	75683	113708	12	10	24	18	132	40	4625110	160	12	17 + 61 part	1267996	87.473	1.007	15.28	2131.18	31.57	191216	4086770	30429	36686	2599	14902	46	36	150	82
28099_1_314.contigs_spades	62	59	42	37	34	26	4912558	4910477	4857813	4822903	4763257	4484677	62	688508	4912558	4641652	50.56	50.79	211833	223162	95430	116280	8	7	17	15	90	26	4046779	113	3	12 + 37 part	667523	91.194	1.003	10.04	1152.73	18.29	272278	4243368	56572	58155	24653	30514	24	22	56	49
28099_1_317.contigs_spades	87	74	61	56	42	30	4799903	4792909	4758199	4720355	4430894	3999552	83	405060	4798263	4641652	50.68	50.79	133224	139033	67883	77182	11	10	24	22	55	31	3409260	38	3	8 + 35 part	484498	92.581	1.004	13.13	275.66	6.07	219936	4307888	74819	75542	29988	33304	19	18	45	41
28099_1_318.contigs_spades	65	59	45	39	33	24	4849162	4845206	4799203	4759333	4648574	4328727	64	676479	4848707	4641652	50.57	50.79	241148	241148	114806	116360	7	7	16	15	89	27	4115416	116	3	13 + 36 part	603910	91.208	1.003	15.14	1151.56	18.21	272278	4241852	56572	58155	27724	30103	24	22	55	50
28099_1_319.contigs_spades	102	95	77	67	45	29	5404692	5400865	5353589	5286487	4957775	4357991	98	507416	5403060	4641652	50.53	50.79	146049	221533	60185	95152	9	7	24	17	111	37	4468207	168	10	18 + 64 part	1272177	88.604	1.004	7.11	2084.84	32.02	195080	4126903	29147	37913	3377	15162	44	32	140	79
28099_1_31.contigs_spades	193	171	120	91	56	33	5058782	5044875	4916298	4708393	4147176	3321503	187	220447	5056326	4641652	50.77	50.79	72478	83996	39745	45182	21	18	44	37	64	44	2337482	39	11	54 + 62 part	865898	89.582	1.008	9.91	276.93	5.22	149213	4173493	45414	55566	12965	22325	31	27	78	60
28099_1_321.contigs_spades	38	35	32	29	25	19	4872074	4870098	4865806	4846128	4774440	4565801	37	710195	4871637	4641652	50.50	50.79	256139	256387	166526	188257	7	6	12	11	131	23	4709288	184	1	2 + 28 part	858602	86.287	1.002	18.62	2277.62	36.43	190389	4012113	37335	38253	11465	15462	39	36	91	78
28099_1_322.contigs_spades	491	92	46	40	23	19	5416198	5224277	5142428	5102846	4837850	4705363	233	968032	5320623	4641652	50.64	50.79	259159	316569	125688	202591	6	4	12	9	162	23	4509940	179	6	105 + 45 part	1453668	82.781	1.006	69.16	2488.02	37.94	112989	3862086	23378	28631	-	7993	58	45	-	119
28099_1_323.contigs_spades	87	73	60	46	37	25	5374525	5365451	5326428	5238871	5098081	4676078	85	532489	5373764	4641652	50.47	50.79	223218	234017	101994	145938	8	7	17	12	135	30	4846179	186	6	29 + 46 part	1293873	87.559	1.004	1.99	2329.99	35.70	188650	4078070	33919	41637	1823	18097	42	32	141	72
28099_1_325.contigs_spades	81	69	58	43	34	24	5407383	5398777	5366350	5258197	5102044	4735883	81	654746	5407383	4641652	50.47	50.79	216645	256893	101891	198856	7	6	16	11	135	29	4804448	186	7	22 + 51 part	1328882	87.565	1.003	3.42	2328.93	35.87	188634	4077422	33911	40996	1027	17980	43	33	159	73
28099_1_326.contigs_spades	54	50	39	35	30	23	4819124	4816747	4780225	4749849	4664206	4416139	53	816869	4818726	4641652	50.61	50.79	241097	241097	114937	123366	7	7	14	13	89	25	4392983	112	3	8 + 34 part	575732	91.215	1.002	15.34	1153.01	18.28	272278	4241772	58155	67751	29960	30587	23	21	53	49
28099_1_327.contigs_spades	57	51	42	36	31	24	4923197	4919460	4892122	4851609	4766454	4513847	56	473040	4922801	4641652	50.46	50.79	242423	248266	112492	123378	8	7	15	13	90	22	4026175	113	2	13 + 31 part	679458	91.246	1.002	10.06	1152.50	18.16	272278	4241664	56572	58155	24024	30112	24	22	57	50
28099_1_330.contigs_spades	95	83	62	53	42	27	5050606	5042714	4983093	4921168	4748521	4142983	92	433236	5049472	4641652	50.77	50.79	145120	156280	73342	88699	9	8	22	18	56	23	3757131	45	8	20 + 42 part	735130	92.563	1.004	11.43	300.64	7.29	355355	4311992	60988	65302	26744	37684	19	16	49	40
28099_1_331.contigs_spades	99	94	77	61	43	27	4930001	4927255	4884286	4764632	4468974	3878625	97	400658	4929199	4641652	50.73	50.79	143682	147861	61217	67076	10	9	24	21	64	27	2586669	68	3	13 + 45 part	708330	90.564	1.004	13.94	488.17	9.42	358615	4213307	55278	60835	24878	30549	21	18	53	46
28099_1_333.contigs_spades	61	55	46	40	29	24	5084481	5080608	5060195	5012741	4813182	4647285	60	366852	5084171	4641652	50.77	50.79	222678	245862	152433	178452	9	8	16	14	151	23	4422383	173	7	12 + 39 part	1270126	81.916	1.003	14.67	2505.31	38.37	112989	3812592	25060	27889	-	8402	55	47	-	121
28099_1_334.contigs_spades	57	54	41	35	30	25	4825442	4823388	4782452	4737992	4652478	4464217	57	447379	4825442	4641652	50.60	50.79	241614	260380	114598	114664	8	7	15	14	89	24	3963483	114	4	10 + 37 part	583290	91.206	1.002	15.50	1147.87	18.31	272278	4241210	59615	65083	27850	30587	23	21	53	48
28099_1_337.contigs_spades	66	57	43	33	27	20	4894931	4888968	4854684	4783589	4672972	4422289	65	816853	4894484	4641652	50.60	50.79	289768	289768	114018	174043	6	6	12	11	91	23	4534555	116	5	21 + 33 part	649307	91.221	1.003	9.95	1146.88	18.19	205266	4244425	57113	58367	24656	30112	25	23	57	50
28099_1_338.contigs_spades	58	53	40	33	30	22	4909572	4906578	4866622	4819124	4759527	4475911	57	667212	4909124	4641652	50.56	50.79	258902	258902	116293	133126	7	7	14	12	91	24	4134070	116	2	11 + 34 part	666409	91.187	1.002	10.94	1147.03	18.26	272278	4240236	58155	65390	24653	30112	24	21	56	49
28099_1_341.contigs_spades	100	94	73	63	50	33	4886124	4882630	4822715	4746635	4527843	3952161	98	375885	4885337	4641652	50.87	50.79	106444	122924	61753	67850	14	12	28	26	65	27	2705355	72	4	15 + 39 part	689106	89.922	1.005	8.19	494.12	9.44	354576	4187957	60989	62795	24780	29081	25	23	57	50
28099_1_342.contigs_spades	78	66	51	47	36	26	5147343	5139879	5105545	5078064	4898453	4557381	76	367833	5146583	4641652	50.69	50.79	216209	227285	124894	159196	9	8	17	14	149	27	4368003	175	5	22 + 42 part	1332491	81.959	1.003	16.28	2503.82	38.12	112989	3812553	25060	28157	-	8611	56	47	-	119
28099_1_343.contigs_spades	109	95	80	70	51	33	5079040	5070333	5034627	4958512	4660033	4026549	103	284378	5076646	4641652	50.73	50.79	108505	122717	62808	77303	15	13	30	25	98	37	3849399	115	9	14 + 65 part	928989	88.833	1.006	11.52	1219.92	23.04	163038	4144277	40855	43933	12068	19761	38	33	92	70
28099_1_345.contigs_spades	131	117	91	77	57	33	5027508	5019639	4955018	4857765	4557929	3706692	126	246601	5025696	4641652	50.72	50.79	89562	103222	43067	64209	17	14	35	29	64	31	2765068	44	5	16 + 55 part	707270	92.570	1.005	8.32	238.18	4.63	161973	4307269	54614	56904	19386	32950	28	25	64	53
28099_1_346.contigs_spades	82	70	60	54	41	32	4822848	4816092	4790071	4744254	4534864	4229469	79	284480	4821678	4641652	50.74	50.79	139298	140755	80733	82486	12	11	23	22	60	25	3106061	36	3	9 + 36 part	505706	92.596	1.004	8.52	276.71	6.07	217859	4310523	74442	77686	31822	35683	20	18	44	40
28099_1_349.contigs_spades	79	72	58	53	39	22	4776823	4772993	4729735	4691221	4453372	3820124	75	365387	4775184	4641652	50.63	50.79	205506	205506	81212	81261	9	9	19	18	51	26	3287923	38	4	10 + 35 part	501983	91.794	1.003	15.92	207.85	4.83	356452	4268113	88614	89897	33117	36235	15	14	37	34
28099_1_34.contigs_spades	47	41	36	33	28	22	4795612	4792848	4775666	4754480	4676608	4467945	43	689213	4794279	4641652	50.63	50.79	242407	261046	145762	158555	7	6	13	12	105	23	4320131	171	5	4 + 32 part	789740	86.146	1.001	13.20	2204.32	34.89	249982	4004359	37248	37612	12596	16615	33	31	82	74
28099_1_350.contigs_spades	83	68	53	43	33	22	5320323	5310199	5269395	5202270	5056930	4674553	82	654428	5319944	4641652	50.51	50.79	234794	350834	103093	205000	7	5	14	10	132	24	4687206	179	6	27 + 48 part	1243826	87.513	1.003	1.75	2329.92	35.92	188646	4075030	34651	41637	3526	18093	41	32	125	72
28099_1_351.contigs_spades	54	46	38	35	23	21	5154941	5150247	5127951	5104815	4916576	4861602	52	563894	5154206	4641652	50.58	50.79	295634	302664	180395	221532	7	6	13	11	167	19	4639516	176	7	10 + 38 part	1360344	81.509	1.003	14.82	2498.94	36.03	112976	3793357	25160	29240	-	8905	56	47	-	118
28099_1_353.contigs_spades	77	70	55	50	38	27	4668102	4663701	4617181	4577834	4376392	3983307	77	362770	4668102	4641652	50.81	50.79	151773	151773	81876	81876	10	10	20	20	65	28	3455162	42	3	6 + 32 part	354058	92.600	1.004	1.59	276.02	6.26	219933	4308812	75542	75542	35683	36578	18	18	40	39
28099_1_354.contigs_spades	58	50	39	32	24	19	5059393	5055077	5022889	4973454	4850118	4676145	55	964592	5058129	4641652	50.59	50.79	348138	348138	173515	178663	5	5	11	9	177	22	4733388	165	3	8 + 38 part	1270603	81.263	1.004	8.50	2503.77	33.03	86198	3785803	26674	29624	-	8078	55	47	-	120
28099_1_355.contigs_spades	65	55	41	37	34	25	5133046	5126379	5091940	5061350	5007002	4697491	62	706372	5131821	4641652	50.52	50.79	197855	254112	133755	153270	8	6	15	13	123	21	4348567	168	1	19 + 32 part	1074087	87.211	1.002	10.85	2191.59	35.13	149940	4053730	34523	41513	10049	18018	39	32	102	74
28099_1_357.contigs_spades	70	61	44	39	25	21	5423454	5417934	5369028	5335727	5104467	4968567	68	606821	5422637	4641652	50.69	50.79	302820	421320	161139	194612	6	5	13	10	150	18	4614728	177	4	22 + 38 part	1613733	81.810	1.003	14.79	2507.39	37.34	112989	3808093	23852	29239	-	8951	60	45	-	117
28099_1_358.contigs_spades	130	119	91	78	54	35	5001424	4994508	4932902	4841332	4459724	3802940	127	246258	5000386	4641652	50.74	50.79	93815	98090	54110	65937	17	15	34	30	65	28	2683367	39	8	11 + 61 part	683804	92.561	1.005	8.32	238.62	4.84	161973	4306498	53922	56904	19395	32398	29	26	65	54
28099_1_359.contigs_spades	109	96	73	68	46	32	5088865	5079960	5022501	4987372	4635753	4165799	105	403429	5087374	4641652	50.70	50.79	110377	142186	71361	80717	12	10	27	22	110	37	4082278	120	7	21 + 59 part	938430	88.814	1.006	7.02	1218.67	23.43	163038	4144815	38486	44609	12068	18385	39	33	94	72
28099_1_35.contigs_spades	112	91	68	59	46	33	4979691	4969239	4909729	4850020	4609617	4138939	102	285033	4975971	4641652	50.63	50.79	131797	136422	66346	77922	13	12	27	23	58	34	3364004	43	5	27 + 36 part	656093	92.655	1.004	26.87	278.42	6.23	219933	4314323	73158	75542	26783	33304	20	18	48	40
28099_1_361.contigs_spades	96	83	65	60	47	30	4952175	4944616	4888614	4845110	4651133	4083460	92	388155	4950573	4641652	50.72	50.79	137129	137878	65913	72485	11	10	24	21	63	29	3690066	40	3	19 + 38 part	656407	92.088	1.005	24.16	248.15	5.59	203146	4287805	73157	77574	29346	34146	23	21	51	44
28099_1_362.contigs_spades	91	79	62	56	38	27	4675342	4668854	4616848	4572066	4261076	3852680	87	693148	4673736	4641652	50.78	50.79	132798	132798	70144	70144	10	10	22	22	80	28	2984301	82	4	7 + 51 part	543691	88.680	1.003	18.83	900.00	14.82	325858	4124141	58776	60388	23270	24719	24	23	55	54
28099_1_363.contigs_spades	42	37	32	30	25	21	4793233	4790573	4775987	4760675	4679780	4541555	40	656665	4792499	4641652	50.63	50.79	316535	316535	145614	145614	5	5	11	11	115	24	4553479	176	2	5 + 27 part	787598	86.134	1.002	13.08	2203.67	34.87	249982	4004154	37248	37612	12596	16252	33	31	82	74
28099_1_365.contigs_spades	71	62	51	44	31	22	5118664	5114315	5079131	5037271	4818690	4510457	66	604625	5116832	4641652	50.66	50.79	233352	247985	124554	171859	8	7	15	12	161	25	4558807	172	2	19 + 40 part	1333309	81.328	1.002	12.41	2503.22	32.79	86100	3782731	26674	29553	-	8611	56	48	-	120
28099_1_366.contigs_spades	120	103	82	70	50	30	4920121	4909913	4847563	4750942	4442217	3736191	115	466521	4918253	4641652	50.86	50.79	97252	122461	51693	55736	12	10	30	26	60	27	2637293	69	7	19 + 48 part	702377	90.272	1.006	6.81	492.09	9.40	354577	4207074	56385	60835	22962	29081	24	21	57	49
28099_1_367.contigs_spades	61	53	41	34	29	24	4892516	4887555	4865530	4817994	4723326	4543535	59	601204	4891797	4641652	50.59	50.79	258902	258902	112469	137320	7	7	14	12	97	25	4410470	114	2	17 + 32 part	649228	91.208	1.002	27.70	1148.87	18.24	205266	4241397	58155	65385	27724	30629	25	22	56	50
28099_1_369.contigs_spades	107	98	70	57	48	31	3749097	3742400	3675496	3584705	3448597	2855338	106	188899	3748711	4641652	38.95	50.79	85712	70480	51420	18918	17	22	31	50	-	-	-	-	-	106 + 0 part	3748711	-	-	8.94	-	-	-	-	-	-	-	-	-	-	-	-
28099_1_370.contigs_spades	93	70	57	47	29	23	5247252	5234458	5200584	5140394	4834010	4627020	84	925494	5243571	4641652	50.57	50.79	276744	302115	116317	147450	6	5	14	11	157	22	4460304	170	4	32 + 44 part	1460080	81.298	1.003	16.46	2501.99	32.73	86100	3782174	23855	29624	-	8611	59	48	-	119
28099_1_371.contigs_spades	78	70	51	44	36	27	5491433	5486915	5439177	5391410	5255337	4908392	75	710842	5490255	4641652	50.45	50.79	222200	240215	117864	156354	9	7	18	13	127	30	4779407	181	4	18 + 45 part	1414416	87.519	1.003	4.55	2183.91	35.87	149537	4075469	30997	38352	-	16134	46	34	-	78
28099_1_373.contigs_spades	124	114	91	76	57	34	5013297	5007124	4953849	4847558	4555620	3752866	121	246496	5012250	4641652	50.74	50.79	90503	96902	44276	58171	16	14	35	30	58	24	2567659	41	12	11 + 55 part	691204	92.582	1.006	0.18	239.27	4.75	162206	4309349	54617	56904	19395	31361	28	25	64	53
28099_1_374.contigs_spades	59	45	41	35	30	24	5115814	5106584	5095405	5050698	4951914	4759333	56	465146	5114682	4641652	50.56	50.79	244663	288980	146352	175543	8	7	15	13	124	24	4600120	157	3	12 + 38 part	1040086	87.398	1.004	19.65	2139.31	32.69	191215	4073980	37237	44360	10088	17333	37	31	98	70
28099_1_375.contigs_spades	343	72	45	36	26	19	5401202	5276668	5216336	5153311	5011242	4800765	155	652796	5330566	4641652	50.42	50.79	267122	326503	170578	214143	7	6	13	10	159	23	4640096	174	8	61 + 36 part	1485487	82.509	1.004	29.28	2515.14	37.05	120674	3842824	23855	28855	-	7987	59	46	-	117
28099_1_377.contigs_spades	118	108	82	68	52	29	4937400	4930314	4855909	4747152	4501442	3714888	116	361416	4936510	4641652	50.75	50.79	131839	132653	50574	61753	13	12	29	25	67	30	2688842	70	7	22 + 49 part	735983	90.015	1.005	17.62	495.67	10.08	358615	4192369	59789	60835	20524	26450	23	21	58	49
28099_1_378.contigs_spades	68	60	44	35	32	24	4962510	4957530	4916030	4853309	4798212	4497914	67	471597	4962081	4641652	50.57	50.79	241178	255095	112462	132932	8	7	15	13	87	25	4385122	114	3	21 + 35 part	722125	91.143	1.002	10.32	1151.86	18.13	206399	4239045	58155	65251	23420	30112	25	22	59	50
28099_1_379.contigs_spades	79	68	58	44	34	25	5301083	5294792	5272372	5176855	5006019	4682736	75	543234	5299513	4641652	50.55	50.79	214745	266920	101879	145938	8	6	16	12	138	28	4791998	186	5	20 + 48 part	1221315	87.558	1.003	2.85	2330.25	35.80	188634	4077453	34600	40996	4214	18092	41	33	121	73
28099_1_381.contigs_spades	93	84	68	59	43	30	5086274	5080211	5033803	4969501	4728007	4258884	93	368077	5086274	4641652	50.75	50.79	135498	150037	87569	94043	12	11	24	21	72	36	3732209	39	2	17 + 43 part	800643	91.844	1.005	10.75	273.98	5.54	286263	4281403	65706	75116	25624	36196	22	19	51	40
28099_1_382.contigs_spades	74	63	48	42	34	24	5153242	5145978	5108114	5059732	4923668	4531959	72	372739	5152516	4641652	50.52	50.79	286569	304063	106913	139511	8	7	16	13	133	30	4684183	181	4	26 + 40 part	1115248	86.712	1.003	15.08	2341.55	38.01	141868	4036308	33723	38008	7286	15362	42	35	115	79
28099_1_383.contigs_spades	165	56	37	32	28	25	5245490	5198367	5150903	5117769	5068695	4964238	82	799635	5214124	4641652	50.57	50.79	223705	300002	162533	173398	7	6	13	11	124	23	4617853	176	5	31 + 34 part	1191207	86.508	1.002	10.18	2322.30	38.43	162236	4021397	33721	40563	4782	14414	40	33	123	77
28099_1_38.contigs_spades	67	61	49	43	35	26	5189313	5186217	5149061	5101751	4943205	4602538	65	423340	5188685	4641652	50.44	50.79	205700	221351	102639	132325	8	7	17	14	98	30	4515844	139	4	8 + 43 part	972310	90.607	1.003	6.05	1266.48	22.02	204851	4214642	43000	54440	14660	24481	31	25	80	59
28099_1_39.contigs_spades	119	107	78	68	43	32	5083359	5077134	5000698	4933389	4531119	4140131	114	284391	5081508	4641652	50.69	50.79	122722	136888	76183	80652	14	12	28	23	101	36	3980955	118	6	27 + 61 part	938736	88.714	1.006	7.87	1216.28	23.26	163038	4138388	40855	44700	12068	18505	39	33	93	71
28099_1_41.contigs_spades	1349	324	75	59	44	33	5682365	5213956	4752419	4635092	4375157	3994970	656	254728	5446702	4641652	50.53	50.79	106524	133224	39777	77182	17	13	36	25	58	32	2977582	47	6	398 + 67 part	1021081	93.134	1.024	58.02	287.35	6.32	220074	4414417	59559	73157	13481	31822	25	19	72	43
28099_1_42.contigs_spades	117	104	76	62	43	30	5098503	5090951	5013410	4920555	4589789	4107223	113	365235	5096906	4641652	50.70	50.79	119272	138341	70529	88781	12	10	26	22	54	26	3184026	56	7	29 + 50 part	858443	90.954	1.004	14.07	648.35	11.23	316960	4233478	56440	67128	19572	33961	25	21	59	47
28099_1_43.contigs_spades	39	36	32	29	25	20	4870890	4868884	4860351	4839486	4777236	4592538	39	710121	4870890	4641652	50.50	50.79	279711	279711	145602	160664	6	6	12	11	124	24	4677018	175	2	4 + 27 part	857454	86.333	1.002	9.92	2275.96	36.36	190389	4012523	37545	39490	11188	15404	38	35	90	77
28099_1_45.contigs_spades	5	3	1	0	0	0	10121	9059	5012	0	0	0	4	5012	9881	4641652	47.57	50.79	5012	-	1701	-	1	-	3	-	-	-	-	-	-	4 + 0 part	9881	-	-	0.00	-	-	-	-	-	-	-	-	-	-	-	-
28099_1_46.contigs_spades	113	99	79	69	48	31	5278753	5269592	5229786	5158400	4847926	4242283	111	368030	5277864	4641652	50.60	50.79	126700	159660	77448	93731	14	11	27	22	67	33	3494886	39	6	29 + 43 part	990592	91.805	1.006	8.51	270.18	5.44	287397	4282259	64174	77410	16557	36750	24	20	59	41
28099_1_47.contigs_spades	70	61	56	50	43	33	4787323	4781896	4765438	4716390	4577345	4245686	70	405096	4787323	4641652	50.82	50.79	129746	129746	81876	85633	12	12	24	22	61	30	3549892	49	4	5 + 33 part	491896	92.233	1.003	25.13	260.96	6.26	219936	4291085	68656	68751	31369	34146	20	19	46	42
28099_1_49.contigs_spades	57	51	41	34	30	24	4828320	4824120	4794827	4744233	4681450	4467443	56	473036	4827847	4641652	50.60	50.79	191261	260378	114637	116404	8	7	15	14	86	22	4017498	116	4	10 + 33 part	583607	91.224	1.002	10.11	1152.99	18.44	272278	4242659	63250	69108	29657	30112	22	21	52	48
28099_1_50.contigs_spades	107	94	74	63	43	29	5256150	5247783	5200771	5121999	4829191	4329585	104	367917	5255020	4641652	50.62	50.79	160330	163269	78908	91401	12	10	24	19	72	33	3706231	38	6	23 + 44 part	967798	91.802	1.006	9.67	272.11	5.37	286263	4282090	64174	77410	18026	36750	24	20	58	41
28099_1_51.contigs_spades	56	49	40	37	28	24	5179447	5175608	5150428	5132285	4993290	4843991	53	639363	5178239	4641652	50.74	50.79	216551	225197	135487	173826	8	7	16	13	162	24	4687798	180	4	10 + 37 part	1353675	82.175	1.003	12.13	2514.62	38.01	112989	3824674	25060	28383	-	9086	57	47	-	118
28099_1_53.contigs_spades	92	85	69	62	41	28	5211730	5206989	5170476	5123582	4799829	4307898	91	357649	5211338	4641652	50.64	50.79	149622	174695	88401	105873	11	10	23	18	75	36	4011276	43	4	16 + 44 part	925185	91.830	1.006	4.49	274.00	5.77	286271	4282274	64174	77410	19518	36636	22	18	55	40
28099_1_54.contigs_spades	128	117	93	72	46	32	4918687	4913263	4848567	4695546	4259987	3781324	123	366729	4916562	4641652	50.76	50.79	109471	113553	60558	64886	14	13	31	27	78	41	3645945	61	10	24 + 61 part	828713	87.401	1.008	6.31	823.59	14.12	235995	4079372	44847	50304	15523	21551	29	26	73	62
28099_1_55.contigs_spades	36	31	26	22	19	14	5173572	5170796	5156599	5130782	5065148	4897764	34	1223282	5172661	4641652	50.45	50.79	432064	646223	251636	360949	4	3	7	6	125	15	4817285	141	2	8 + 21 part	1055179	88.458	1.003	8.82	1592.87	24.21	195451	4116504	41227	51634	11948	19737	34	29	90	65
28099_1_57.contigs_spades	1396	274	63	49	30	25	5995394	5482674	5091095	4992461	4707987	4530944	632	366729	5732469	4641652	50.53	50.79	204535	209738	81545	152332	11	9	22	15	153	31	4373663	201	7	208 + 65 part	1569643	86.157	1.041	51.51	2377.22	37.11	112989	4155536	17980	27545	-	8074	72	48	-	125
28099_1_58.contigs_spades	83	75	62	53	39	29	4667185	4662599	4619033	4550708	4317556	3962549	81	539566	4666239	4641652	50.78	50.79	131424	131424	77693	77693	11	11	22	22	81	28	3082375	84	5	6 + 50 part	535043	88.697	1.003	13.78	901.31	14.70	325858	4126549	60388	60388	24719	24882	23	23	54	53
28099_1_59.contigs_spades	79	68	55	46	33	23	5292679	5285399	5252706	5193103	4980823	4616501	77	610630	5291911	4641652	50.56	50.79	210215	223451	105882	160149	8	6	16	12	139	30	4838903	187	3	23 + 49 part	1214684	87.520	1.004	2.76	2327.21	35.82	188634	4075677	34651	41637	4502	18350	41	32	118	72
28099_1_61.contigs_spades	145	130	94	78	56	34	5152857	5143411	5066531	4955485	4596312	3831853	141	250753	5151307	4641652	50.66	50.79	93840	97570	44349	65795	17	14	35	29	61	27	2690750	39	10	20 + 62 part	830167	92.549	1.006	8.11	237.88	4.61	161973	4308843	49980	56904	18591	30894	30	25	70	54
28099_1_62.contigs_spades	254	167	109	85	53	31	4991753	4945273	4818774	4636379	4138801	3290937	208	358492	4974912	4641652	50.65	50.79	81522	82732	38512	47165	19	17	41	35	85	42	3011381	79	5	43 + 67 part	798585	88.542	1.016	39.94	813.88	14.28	204696	4161843	40716	43178	15105	21894	36	32	83	69
28099_1_63.contigs_spades	67	59	48	46	34	26	4798355	4793642	4757362	4743548	4551385	4283620	65	525326	4797459	4641652	50.64	50.79	208627	208627	105127	112858	8	8	17	16	102	36	4228002	140	2	7 + 38 part	620091	89.694	1.003	10.53	1258.74	21.43	199128	4173298	53032	55964	20457	24084	27	25	64	59
28099_1_65.contigs_spades	74	63	49	44	31	23	5147867	5140819	5110771	5077184	4872453	4594297	73	413044	5147397	4641652	50.69	50.79	227302	229260	157302	191043	9	8	15	13	152	24	4443664	173	6	26 + 39 part	1334068	81.960	1.002	24.46	2510.06	38.27	112989	3812446	25060	28383	-	8611	56	46	-	118
28099_1_66.contigs_spades	120	111	85	71	44	28	4776663	4770898	4691639	4587756	4123809	3630173	119	509100	4776294	4641652	50.86	50.79	99645	109338	50298	56041	12	11	28	26	89	39	3174991	93	4	16 + 39 part	628001	88.781	1.007	9.55	937.13	17.96	140778	4133535	35237	35702	16007	18007	36	34	81	75
28099_1_67.contigs_spades	2865	1055	314	142	36	4	6736232	5700599	4111321	2878167	1335715	252600	2363	94637	6588564	4641652	50.68	50.79	8346	13184	2356	7553	188	94	554	212	122	110	525222	104	31	119 + 195 part	1257542	92.612	1.240	1195.59	771.46	12.38	53999	5280453	3549	8221	622	3012	318	141	1646	374
28099_1_69.contigs_spades	262	97	67	64	49	28	5100670	5038188	4955939	4931407	4690086	3992825	113	413571	5048410	4641652	50.73	50.79	128560	138996	66921	85707	12	10	25	21	59	28	3306982	38	4	29 + 46 part	747960	92.219	1.005	7.94	250.11	5.65	218653	4294845	73158	78146	26744	34370	23	20	52	42
28099_1_6.contigs_spades	1	1	0	0	0	0	3029	3029	0	0	0	0	1	3029	3029	4641652	44.27	50.79	3029	-	3029	-	1	-	1	-	-	-	-	-	-	1 + 0 part	3029	-	-	0.00	-	-	-	-	-	-	-	-	-	-	-	-
28099_1_70.contigs_spades	60	54	43	40	32	26	5396276	5392117	5367595	5346775	5214677	4990343	59	799088	5395922	4641652	50.36	50.79	238350	275337	120562	153056	6	5	15	11	128	27	4699728	179	3	17 + 37 part	1338689	87.172	1.003	8.10	2188.96	35.84	182886	4056750	33686	40945	762	17987	41	31	157	73
28099_1_71.contigs_spades	124	106	80	71	47	33	4958686	4948014	4870694	4803437	4419081	3935937	119	287539	4956674	4641652	50.74	50.79	117595	117604	62136	66249	14	13	30	26	81	42	3675066	63	8	21 + 59 part	868354	87.395	1.008	1.90	820.81	14.05	235995	4079474	44847	50304	14408	21554	28	25	73	60
28099_1_73.contigs_spades	134	114	81	58	43	31	5605096	5594299	5513403	5345570	5089871	4676268	127	397387	5602410	4641652	50.42	50.79	185538	210745	74560	114640	11	9	23	16	122	36	4595676	181	7	48 + 63 part	1516737	87.667	1.004	12.14	2228.18	37.06	184829	4083354	29390	36784	-	16615	48	33	-	77
28099_1_74.contigs_spades	2027	526	121	80	42	34	6863764	6159210	5364821	5086490	4522318	4204115	1070	346292	6536400	4641652	50.47	50.79	81545	130901	12480	74515	20	11	64	22	145	49	3958196	223	13	199 + 100 part	1806358	90.990	1.120	88.60	2230.34	36.13	98926	4720419	10205	25159	-	7993	112	53	-	135
28099_1_75.contigs_spades	1632	213	86	70	48	30	6165316	5517935	5307179	5197600	4854248	4165435	672	507009	5832282	4641652	51.75	50.79	100475	146561	44997	82814	13	8	35	20	105	39	4361164	168	8	569 + 71 part	1699245	88.642	1.005	52.84	2085.29	31.89	193538	4126840	26264	35928	-	14937	52	33	-	80
28099_1_77.contigs_spades	118	103	84	79	54	38	5319277	5308842	5263556	5231067	4847551	4282411	114	284490	5317784	4641652	50.49	50.79	105952	122717	56788	76974	16	13	33	25	99	37	3680941	116	11	16 + 66 part	1163250	88.908	1.007	19.97	1219.86	23.24	163038	4149408	37520	42976	9473	18001	42	34	112	73
28099_1_78.contigs_spades	125	110	78	63	51	34	4909207	4901007	4820066	4709721	4512423	3954169	118	363489	4906539	4641652	50.88	50.79	106537	122918	61244	65647	14	12	29	26	58	27	2649943	70	5	28 + 46 part	705197	89.908	1.007	11.39	492.28	9.47	354576	4193065	60989	62795	23083	29081	24	22	56	48
28099_1_79.contigs_spades	60	54	44	36	32	22	4821445	4817712	4786480	4732764	4683402	4320820	59	465945	4821049	4641652	50.60	50.79	241155	261827	115238	116257	8	7	15	14	85	25	4130595	114	4	11 + 38 part	579217	91.168	1.002	11.57	1154.24	18.38	272278	4240706	58155	63250	27850	30629	23	21	54	49
28099_1_7.contigs_spades	65	62	43	34	31	24	4958707	4956649	4900225	4838546	4777791	4513482	65	447397	4958707	4641652	50.51	50.79	241397	258917	111112	116293	8	7	15	13	92	26	4521527	116	2	15 + 39 part	715681	91.212	1.002	14.88	1152.67	18.33	205266	4242083	57113	59389	23420	30112	25	23	59	50
28099_1_81.contigs_spades	125	111	83	71	50	28	5011380	5002480	4933148	4847221	4504013	3725497	121	445154	5009899	4641652	50.74	50.79	104030	135241	46520	60942	12	10	29	24	67	25	2836536	40	8	10 + 60 part	691316	92.555	1.005	8.30	239.61	4.75	173021	4308328	55676	60836	19813	31707	27	24	62	52
28099_1_82.contigs_spades	57	54	49	45	35	27	5235191	5233785	5219176	5189383	5020602	4713285	56	343413	5234867	4641652	50.52	50.79	236044	273627	110850	124964	9	8	18	14	122	28	4563974	180	7	10 + 41 part	1207558	86.500	1.003	6.51	2343.29	37.98	141868	4026333	33591	39942	4688	15463	43	35	126	78
28099_1_83.contigs_spades	42	36	30	29	26	20	5002775	4999898	4984205	4976586	4914504	4697437	39	565977	5001744	4641652	50.59	50.79	377641	377641	171881	179094	6	6	11	10	132	24	4780180	184	3	4 + 29 part	878720	88.463	1.004	20.47	2165.29	34.36	191478	4122905	35308	43030	12654	18759	35	30	87	70
28099_1_85.contigs_spades	97	57	46	37	31	25	4995680	4978224	4948093	4874327	4754612	4540930	66	816782	4984232	4641652	50.50	50.79	259832	259832	94986	133025	7	7	16	13	94	27	4459290	115	4	16 + 39 part	739906	91.222	1.002	14.77	1152.85	18.16	205266	4243227	56572	59389	20934	30112	26	23	60	51
28099_1_86.contigs_spades	107	96	74	64	45	33	5047995	5042541	4985186	4905626	4613584	4180410	100	489590	5045342	4641652	50.76	50.79	116506	124877	60296	75788	12	10	26	22	96	37	4030667	149	10	19 + 67 part	866977	89.637	1.004	6.28	1265.86	21.82	169133	4173937	47993	55730	14051	23184	32	28	78	62
28099_1_87.contigs_spades	52	45	37	33	30	24	4994834	4990533	4971928	4943685	4897738	4688144	51	532385	4994378	4641652	50.63	50.79	266925	266925	137373	215617	7	7	13	11	94	24	4210858	144	2	6 + 31 part	772491	90.703	1.003	6.75	1267.78	22.02	204921	4219898	54438	58451	18123	29092	26	23	66	54
28099_1_89.contigs_spades	55	50	41	33	29	22	4898607	4895454	4867304	4814324	4741417	4475503	54	697439	4898151	4641652	50.54	50.79	234679	234679	144055	156615	7	7	14	13	95	25	4431876	113	2	10 + 34 part	656182	91.179	1.002	6.76	1155.00	18.45	205266	4240893	57113	59389	27850	30629	25	23	56	50
28099_1_90.contigs_spades	1087	639	208	117	51	23	6128599	5881522	4992693	4366635	3420981	2367635	890	206196	6066505	4641652	50.50	50.79	38078	50446	7851	22433	39	23	138	54	58	51	1285774	80	16	102 + 128 part	1212963	93.707	1.116	343.48	613.86	10.55	203217	4835014	16170	39017	1181	8950	58	30	462	96
28099_1_91.contigs_spades	59	53	46	39	28	23	5112294	5108632	5093943	5044657	4874708	4725133	57	735674	5111443	4641652	50.78	50.79	222803	266638	159223	178783	7	6	14	12	151	21	4450409	171	6	13 + 37 part	1320880	81.459	1.003	9.70	2506.53	37.71	112989	3789630	24933	28157	-	8074	56	47	-	122
28099_1_93.contigs_spades	125	116	92	76	55	34	5013315	5008215	4952565	4836011	4507834	3783398	122	315820	5012231	4641652	50.74	50.79	89389	93744	54070	64279	17	14	34	29	66	27	2692454	46	11	11 + 59 part	687974	92.606	1.006	14.11	239.51	4.77	162206	4312006	55830	60836	19395	33606	28	25	63	52
28099_1_94.contigs_spades	1005	328	129	92	50	32	6058025	5756088	5347911	5074511	4409736	3763198	541	255637	5904129	4641652	50.34	50.79	82742	106566	24991	65643	21	14	51	28	56	36	2919645	48	15	215 + 108 part	1440598	93.325	1.030	44.82	287.18	6.23	219922	4451643	43295	65656	492	30549	33	21	302	47
28099_1_95.contigs_spades	71	64	47	41	32	29	5348211	5343414	5299930	5264315	5104109	4994559	71	599853	5348211	4641652	50.67	50.79	193006	202735	110203	136615	9	7	18	14	154	25	4590124	180	4	26 + 39 part	1531909	82.035	1.002	14.19	2510.06	38.24	112989	3815252	23852	28383	-	9097	59	46	-	115
28099_1_98.contigs_spades	68	62	51	43	37	28	4844341	4840209	4807742	4752341	4659226	4341364	68	304937	4844341	4641652	50.69	50.79	207181	207181	95697	118975	10	10	19	17	67	28	3713230	51	3	6 + 31 part	567822	91.694	1.005	6.94	482.06	9.73	222471	4270690	80492	82468	31816	37700	18	17	42	38
28099_1_99.contigs_spades	61	52	45	38	26	21	5110259	5104935	5090878	5041067	4853583	4668238	57	628115	5108687	4641652	50.78	50.79	245970	256316	159223	212347	7	6	13	11	149	19	4233942	165	7	15 + 34 part	1319031	81.456	1.002	7.81	2507.03	37.58	112989	3788864	24236	28157	-	7619	56	47	-	127
28099_2_105.contigs_spades	104	56	40	31	28	24	4862226	4840946	4798554	4736315	4685120	4538592	71	819209	4850390	4641652	50.57	50.79	246728	258902	116256	133011	7	6	14	13	92	25	4444355	113	4	23 + 35 part	606487	91.194	1.003	6.84	1153.49	18.36	205266	4243488	59615	65083	27850	30112	24	22	54	49
28099_2_109.contigs_spades	102	91	68	62	43	28	5128471	5120927	5062882	5023619	4717840	4159187	101	528024	5128071	4641652	50.79	50.79	138006	154485	71409	91278	11	9	24	19	70	32	3443130	42	3	20 + 39 part	832637	92.077	1.005	14.25	279.30	5.62	205615	4289851	72626	78446	21263	37022	23	20	54	42
28099_2_113.contigs_spades	118	107	83	65	50	34	4903250	4896274	4833537	4700437	4446728	3921281	115	363489	4902114	4641652	50.88	50.79	108619	117480	59086	61753	14	13	30	27	57	26	2625784	72	7	24 + 48 part	702289	89.925	1.006	8.79	494.66	9.44	354576	4191469	61118	68435	24780	29081	23	21	55	48
28099_2_117.contigs_spades	61	53	42	37	28	27	5469220	5464478	5433449	5398374	5232459	5190534	59	563487	5468320	4641652	50.59	50.79	218210	223873	129629	196661	8	6	15	11	157	21	4577744	178	6	21 + 35 part	1654442	82.016	1.002	9.67	2509.85	38.01	112989	3813888	22685	28383	-	9086	62	46	-	116
28099_2_121.contigs_spades	96	88	69	60	43	28	5103595	5099311	5049168	4978523	4712576	4156451	92	342120	5102178	4641652	50.65	50.79	150141	163051	76258	88558	11	10	23	19	72	26	3374709	55	4	16 + 42 part	807172	92.140	1.004	14.62	625.61	10.17	315379	4289049	50466	59393	19436	30549	25	21	61	48
28099_2_126.contigs_spades	77	69	59	50	35	22	5316977	5311823	5284973	5227536	4991025	4571857	76	737883	5316548	4641652	50.75	50.79	222804	266423	96102	173828	7	6	15	11	141	22	4349698	173	8	24 + 43 part	1505333	81.872	1.003	10.51	2510.43	38.23	112989	3809028	24147	28627	-	8344	58	45	-	118
28099_2_12.contigs_spades	56	49	42	39	25	21	5103732	5099955	5080264	5062582	4845348	4708461	53	597271	5102571	4641652	50.57	50.79	266557	301958	141790	208718	7	6	13	11	165	21	4584190	176	8	9 + 37 part	1307739	81.504	1.003	12.76	2498.51	36.13	111255	3794202	25322	29406	-	8905	56	47	-	118
28099_2_130.contigs_spades	81	73	60	56	42	30	4812170	4807272	4766991	4737397	4492662	4054051	81	367721	4812170	4641652	50.70	50.79	128554	139359	71188	79253	11	10	23	21	67	32	3528841	42	2	8 + 32 part	492794	92.732	1.003	8.64	275.19	6.27	221069	4313787	75542	77686	29988	32886	18	17	44	40
28099_2_134.contigs_spades	3227	1232	343	141	27	2	7112063	5891946	4048031	2603475	947552	125547	2874	65150	6995878	4641652	50.60	50.79	6740	11384	1822	6758	249	115	748	247	90	85	357540	108	30	143 + 214 part	1382703	92.493	1.307	1561.46	1041.16	13.58	63216	5550756	2599	6738	572	2619	453	177	2189	447
28099_2_142.contigs_spades	97	86	74	66	49	35	4620460	4614852	4579614	4521765	4234663	3749256	92	529529	4618410	4641652	50.98	50.79	91203	91203	55004	55004	13	13	30	30	65	35	2667594	58	3	2 + 39 part	390847	90.537	1.006	15.20	587.80	9.90	294638	4214370	54988	54988	31094	30104	24	24	51	52
28099_2_146.contigs_spades	83	76	61	56	45	29	4846174	4841783	4800293	4760248	4585641	4047941	82	388146	4845841	4641652	50.77	50.79	137137	138758	71420	73516	11	10	23	21	59	27	3370944	39	6	8 + 37 part	551582	92.116	1.004	10.44	248.40	5.82	203146	4288383	77574	78146	32033	34370	22	21	48	43
28099_2_150.contigs_spades	112	96	78	71	48	31	4864798	4855180	4813294	4763274	4354435	3780452	106	222070	4862574	4641652	50.62	50.79	131244	135213	55420	74340	15	14	29	26	65	38	3218994	54	4	16 + 58 part	684133	89.671	1.004	7.22	707.34	12.13	203739	4171049	56937	58080	20693	25750	25	23	59	52
28099_2_158.contigs_spades	96	84	65	56	41	28	5080757	5073872	5018735	4953763	4730724	4262172	93	367925	5079723	4641652	50.74	50.79	158161	160740	93069	103582	11	10	22	19	68	31	3637755	42	3	21 + 39 part	795579	91.841	1.005	6.69	275.02	5.58	289111	4280342	74333	77410	28074	37380	21	18	49	39
28099_2_162.contigs_spades	70	66	55	41	33	25	5249205	5246753	5210166	5120999	4985010	4673643	69	697948	5248856	4641652	50.51	50.79	210234	225316	109724	144349	8	6	16	13	138	28	4644236	183	2	13 + 49 part	1182747	87.250	1.004	8.00	2316.10	34.92	188665	4064977	33793	38662	5942	18003	41	32	115	74
28099_2_166.contigs_spades	114	94	72	61	42	30	5097879	5085953	5037689	4960940	4665241	4262964	106	586292	5094922	4641652	50.66	50.79	144289	148716	77150	83646	11	9	24	19	102	33	3877424	120	9	26 + 57 part	952066	88.703	1.006	10.44	1216.36	22.98	163038	4138640	40855	46716	12032	18385	36	31	91	69
28099_2_170.contigs_spades	59	50	38	33	21	19	5115755	5111204	5081293	5045049	4853989	4773552	55	864757	5114276	4641652	50.56	50.79	309684	328327	182920	208718	6	5	11	10	168	17	4602453	175	7	14 + 35 part	1321602	81.517	1.002	15.10	2500.97	36.13	112976	3792205	25322	29260	-	8905	56	47	-	119
28099_2_186.contigs_spades	46	42	32	28	27	24	4844298	4841424	4814101	4787896	4766274	4671351	46	844861	4844298	4641652	50.73	50.79	287626	287626	122061	140130	5	5	12	11	93	21	4115981	142	0	7 + 27 part	624834	90.630	1.003	21.78	1264.14	20.68	235147	4217423	54510	56251	24503	27505	26	25	60	54
28099_2_190.contigs_spades	102	90	64	56	39	27	5382538	5374184	5302770	5245475	4957348	4541905	101	476494	5382054	4641652	50.53	50.79	188931	239608	89245	106132	9	7	20	15	133	35	4749603	183	8	27 + 63 part	1299221	87.419	1.006	8.58	2345.40	36.25	188700	4081940	30897	38662	1762	16696	44	33	151	78
28099_2_194.contigs_spades	63	58	50	46	37	23	5152873	5150128	5124246	5095598	4959117	4446194	63	582831	5152873	4641652	50.66	50.79	209388	210649	117880	133173	8	7	16	13	129	31	4573336	186	6	7 + 45 part	1076190	87.533	1.003	1.40	2226.08	36.57	171118	4075122	34495	40945	8297	17987	39	32	106	75
28099_2_198.contigs_spades	72	60	44	40	33	26	5230456	5224166	5182008	5151042	5043114	4821425	66	532354	5228141	4641652	50.50	50.79	213668	240118	139682	154869	8	7	16	13	128	28	4647856	174	4	14 + 39 part	1131626	87.830	1.005	26.11	2105.48	33.14	191477	4094536	32221	36401	7995	18280	38	30	108	72
28099_2_202.contigs_spades	228	194	146	121	82	48	10485517	10467876	10351773	10167785	9535153	8337383	207	910831	10477632	4641652	54.13	50.79	173121	532602	61243	430128	14	4	40	6	109	48	3256139	175	18	36 + 88 part	6446868	86.162	1.008	145.37	2240.94	38.38	100800	4020677	-	24363	-	9809	-	58	-	130
28099_2_206.contigs_spades	118	108	81	67	51	34	4903694	4897286	4817722	4712129	4456524	3893868	116	363489	4902912	4641652	50.88	50.79	106504	117492	59422	63054	15	13	31	27	61	30	2399112	69	6	24 + 44 part	700335	89.881	1.007	10.10	492.48	9.32	354576	4192531	61118	68489	22203	26901	23	21	56	48
28099_2_20.contigs_spades	4	1	1	0	0	0	9871	9106	9106	0	0	0	1	9106	9106	4641652	54.80	50.79	9106	-	9106	-	1	-	1	-	-	-	-	-	-	1 + 0 part	9106	-	-	0.00	-	-	-	-	-	-	-	-	-	-	-	-
28099_2_210.contigs_spades	82	75	62	57	41	33	4853300	4849130	4810879	4771594	4488556	4220801	81	343063	4852881	4641652	50.74	50.79	136422	139260	79588	82743	12	11	24	22	56	33	3383749	40	6	5 + 35 part	532696	92.665	1.004	20.59	277.20	6.25	219933	4313991	74819	75542	30549	34146	19	18	45	40
28099_2_215.contigs_spades	70	59	51	45	32	21	5114479	5109010	5085846	5047080	4824927	4417230	63	472245	5111721	4641652	50.61	50.79	302246	302246	121253	147268	7	7	15	12	158	26	4487338	171	6	11 + 47 part	1325964	81.301	1.003	12.17	2502.15	32.62	86100	3784805	26674	29624	-	8405	56	48	-	119
28099_2_219.contigs_spades	59	55	48	39	26	20	5161258	5158457	5137817	5078687	4856370	4657063	59	685721	5161258	4641652	50.73	50.79	277254	344650	159262	205791	6	5	12	10	160	22	4682878	182	4	12 + 39 part	1336914	82.106	1.003	11.18	2505.50	38.23	112989	3823667	25060	28383	-	8951	55	46	-	117
28099_2_223.contigs_spades	1634	618	231	159	71	23	6800791	6324472	5567310	5046215	3680627	1945807	971	186436	6578027	4641652	50.32	50.79	30203	45243	11415	26881	57	31	149	64	84	69	1804709	106	31	178 + 172 part	1780976	92.818	1.113	103.48	893.68	14.81	185320	4779572	12759	26881	-	11118	96	42	-	112
28099_2_227.contigs_spades	163	140	96	73	48	32	5281247	5268274	5142234	4973585	4564867	4008344	153	293843	5277219	4641652	50.72	50.79	121207	133070	51744	72943	14	12	32	23	98	41	3635737	130	11	23 + 94 part	1169797	87.811	1.008	8.24	1276.53	21.30	153210	4096293	34698	40833	5836	16747	39	31	115	73
28099_2_231.contigs_spades	58	47	35	32	27	20	5057420	5051211	5015334	4997193	4909962	4687210	55	434086	5056270	4641652	50.73	50.79	341392	341392	199013	211370	7	7	12	11	127	20	4617700	157	3	13 + 33 part	982821	87.404	1.004	17.23	2139.21	32.71	191215	4071250	41775	45534	10830	17333	35	30	92	69
28099_2_235.contigs_spades	49	42	34	33	25	21	5103350	5098992	5076721	5068276	4940702	4817181	48	603654	5102983	4641652	50.57	50.79	261258	301936	161579	222400	7	6	13	11	168	20	4671049	176	8	10 + 33 part	1310021	81.523	1.002	9.70	2500.34	36.15	112976	3792963	25322	29240	-	8905	56	48	-	119
28099_2_239.contigs_spades	247	147	87	74	56	33	5253192	5201625	5069648	4972257	4677649	3865360	190	466524	5232146	4641652	50.53	50.79	92305	106444	49238	58127	15	12	35	27	58	28	2394040	69	4	93 + 50 part	1039156	89.731	1.007	39.93	495.75	9.44	354577	4184627	50015	60835	13618	29081	27	21	72	49
28099_2_243.contigs_spades	45	40	34	32	27	20	4794775	4791673	4772261	4756932	4677464	4439540	44	657951	4794412	4641652	50.63	50.79	261095	261095	167475	178206	6	6	12	11	111	23	4434739	178	2	6 + 28 part	789000	86.132	1.002	6.15	2203.64	35.02	249982	4004417	36326	37566	13414	17983	33	31	80	73
28099_2_247.contigs_spades	73	66	49	36	30	22	5224016	5220249	5173525	5078855	4988069	4685061	72	416123	5223682	4641652	50.49	50.79	273630	302564	162519	192562	8	7	14	12	128	25	4620608	174	5	32 + 36 part	1198367	86.386	1.004	0.88	2312.62	37.73	141755	4023794	35662	39943	4782	14669	42	34	122	76
28099_2_24.contigs_spades	70	62	50	43	37	25	4885428	4880799	4846802	4790865	4695617	4258955	69	414059	4885067	4641652	50.61	50.79	196861	196861	106205	119271	8	8	17	16	49	25	3784898	37	2	15 + 24 part	591998	92.217	1.003	7.82	222.48	4.98	387086	4288913	88490	90469	33958	38037	14	13	38	33
28099_2_251.contigs_spades	1601	572	235	152	67	21	6527083	6056377	5413312	4821056	3444539	1730405	903	164466	6294087	4641652	50.40	50.79	30782	42591	10782	24804	57	35	143	69	69	58	1456379	91	26	131 + 164 part	1539482	92.962	1.102	133.65	509.16	10.48	124258	4727157	18521	33917	133	12820	75	42	816	98
28099_2_255.contigs_spades	76	66	52	43	33	23	5060176	5054671	5012395	4959322	4806968	4458766	72	472080	5058651	4641652	50.65	50.79	220952	225146	128102	156046	8	7	15	13	155	25	4480128	173	5	13 + 51 part	1267231	81.412	1.003	6.90	2503.95	32.92	86100	3789878	27426	29706	-	8344	55	47	-	119
28099_2_259.contigs_spades	64	56	48	45	38	27	4768934	4763868	4744940	4718344	4578709	4173363	64	473548	4768934	4641652	50.83	50.79	143882	147706	90682	93134	10	9	20	19	60	27	3338483	47	2	5 + 27 part	499225	91.681	1.003	17.07	268.71	6.51	219936	4264889	80780	83268	32222	35683	18	17	40	37
28099_2_263.contigs_spades	99	93	77	62	45	31	5160437	5157234	5114002	4998608	4704304	4170098	97	400659	5159672	4641652	50.48	50.79	125913	143671	63098	79323	12	10	26	21	59	31	2715755	70	6	11 + 47 part	926093	90.852	1.004	17.50	486.50	9.44	358615	4226226	55281	60989	18028	31489	21	17	59	43
28099_2_267.contigs_spades	8	8	3	0	0	0	31727	31727	18354	0	0	0	8	6904	31727	4641652	50.28	50.79	5698	-	2761	-	3	-	5	-	-	-	-	-	-	8 + 0 part	31727	-	-	25.22	-	-	-	-	-	-	-	-	-	-	-	-
28099_2_271.contigs_spades	3972	1979	404	125	17	0	8753810	7492042	4083080	2184290	594554	0	3579	47613	8616302	4641652	50.57	50.79	4565	9544	1834	6128	451	139	1212	296	91	90	526544	217	42	171 + 254 part	1844139	93.554	1.560	450.49	1338.62	21.32	34534	6727059	2053	4915	590	3002	924	286	2993	590
28099_2_283.contigs_spades	107	96	75	67	43	34	5090316	5083797	5031409	4972867	4580139	4270337	102	328530	5088444	4641652	50.70	50.79	114137	133470	72725	80717	13	11	27	23	106	39	4154618	121	5	23 + 56 part	942161	88.785	1.006	1.51	1217.13	23.32	163038	4141727	40855	44609	12068	20085	38	33	92	70
28099_2_287.contigs_spades	70	55	48	40	25	19	5020025	5011099	4992136	4943760	4700689	4472608	66	604140	5018454	4641652	50.65	50.79	302107	302107	131059	196640	6	6	12	10	160	23	4558474	172	4	10 + 46 part	1232205	81.318	1.003	10.24	2502.85	32.80	86100	3784802	27426	29553	1282	8906	55	48	179	119
28099_2_28.contigs_spades	28	26	22	21	19	15	5445682	5445060	5429094	5422056	5394468	5264563	26	947618	5445060	4641652	57.22	50.79	534528	534528	376787	447233	4	4	7	6	0	0	0	0	8	8 + 18 part	5416452	0.584	1.055	1.38	3558.92	283.98	14146	28608	-	-	-	-	-	-	-	-
28099_2_291.contigs_spades	88	78	64	61	43	32	4856136	4850570	4813487	4791285	4469172	4096394	85	405032	4855185	4641652	50.76	50.79	135086	139564	66472	78400	12	11	25	23	61	33	3322503	39	4	11 + 35 part	535609	92.623	1.005	17.03	277.70	6.28	219933	4314285	74819	75542	30207	33304	19	18	45	40
28099_2_295.contigs_spades	54	49	40	32	27	23	4814753	4811646	4791188	4734927	4641715	4495014	53	816756	4814291	4641652	50.60	50.79	242301	259080	123367	133011	7	6	13	12	95	25	4474270	115	3	9 + 33 part	569887	91.180	1.003	14.77	1148.44	18.36	205266	4243220	58155	67026	29657	30112	24	22	54	50
28099_2_299.contigs_spades	60	54	40	37	27	20	4815468	4812220	4774427	4748749	4622837	4365684	57	544768	4814220	4641652	50.43	50.79	309387	397227	99558	117197	6	5	12	10	92	20	4163373	143	9	13 + 34 part	653563	89.368	1.003	0.29	1256.66	21.58	161177	4158436	54631	58279	20398	25035	28	26	63	57
28099_2_304.contigs_spades	75	67	52	47	41	29	4875892	4871602	4840269	4800565	4693399	4207731	74	424728	4875504	4641652	50.72	50.79	143821	156562	82135	88589	10	9	21	19	68	30	3677708	42	5	14 + 28 part	580120	92.191	1.004	16.92	289.64	6.80	221069	4291345	75542	77686	32886	38206	19	18	43	38
28099_2_308.contigs_spades	1309	411	164	108	59	28	6236511	5825445	5361161	4962523	4211149	3097130	698	281891	6028735	4641652	50.27	50.79	51331	81261	17390	41579	27	17	74	37	48	35	1758590	68	18	121 + 135 part	1345115	94.098	1.072	70.94	251.60	5.24	273257	4669137	33117	56962	829	24863	39	22	336	55
28099_2_312.contigs_spades	45	38	26	22	19	16	5524198	5520604	5481425	5457786	5395947	5286932	40	1019899	5522241	4641652	57.27	50.79	472257	681381	346249	359267	4	3	7	6	2	1	34079	1	6	20 + 18 part	5478895	0.895	1.043	26.46	3331.41	175.72	14146	43218	-	-	-	-	-	-	-	-
28099_2_316.contigs_spades	61	57	40	33	28	23	4822475	4819987	4772529	4721989	4625107	4450355	60	816767	4822059	4641652	50.59	50.79	246312	246312	114888	115121	7	7	14	13	87	24	4382885	114	6	11 + 37 part	580091	91.205	1.002	22.73	1154.31	18.33	205266	4241223	57113	58155	27850	30112	24	23	55	50
28099_2_320.contigs_spades	68	63	49	42	34	31	5148156	5144976	5103728	5054071	4913391	4811889	67	348864	5147690	4641652	50.83	50.79	181321	201856	109413	136373	11	9	20	16	147	29	4529357	179	6	19 + 41 part	1332614	82.005	1.002	11.97	2510.40	38.49	112989	3814191	25060	27545	-	9086	54	45	-	115
28099_2_32.contigs_spades	72	66	57	49	39	30	5330166	5326772	5301728	5236082	5040291	4714387	71	398056	5329851	4641652	50.41	50.79	185159	193671	85413	125321	10	8	21	16	92	32	4416800	133	7	10 + 50 part	1109512	90.661	1.003	18.16	1264.99	21.86	204851	4219004	37593	53143	10391	24481	34	26	90	60
28099_2_36.contigs_spades	111	94	77	71	46	27	4545783	4536984	4486084	4441813	4017685	3362216	102	322078	4542694	4641652	50.82	50.79	106430	104282	49179	42419	14	15	28	30	64	34	3002623	72	9	10 + 49 part	408316	88.580	1.006	9.55	784.15	13.45	160699	4125261	56418	56418	24601	22840	24	24	55	58
28099_2_3.contigs_spades	109	100	75	68	48	34	5325045	5319356	5249213	5186180	4833111	4310963	107	340185	5324323	4641652	50.39	50.79	129880	145768	62456	81170	14	11	29	22	80	37	3804272	64	8	17 + 60 part	1024889	92.050	1.006	6.35	539.22	11.42	202394	4294586	54756	64585	17980	30731	27	21	67	46
28099_2_40.contigs_spades	88	81	67	58	31	23	5403542	5399474	5352924	5286284	4847426	4520331	86	629603	5402723	4641652	50.49	50.79	261251	282126	87312	157911	7	6	16	11	125	28	4509587	175	7	18 + 58 part	1344285	87.066	1.004	3.00	2226.32	36.87	184889	4056801	31279	37556	306	17823	43	32	191	76
28099_2_44.contigs_spades	99	87	71	67	50	27	4482441	4476598	4430912	4400660	4095212	3281435	93	292702	4480296	4641652	50.83	50.79	98492	95945	43459	41504	13	14	29	32	75	35	2969515	74	5	6 + 41 part	360218	88.260	1.006	5.94	780.89	13.47	156471	4108803	55338	51136	26186	22737	25	27	56	61
28099_2_48.contigs_spades	71	61	56	50	44	30	4786737	4780525	4762955	4713018	4592299	4112469	71	405252	4786737	4641652	50.82	50.79	138859	140725	81876	88756	12	11	23	21	61	29	3481890	47	4	7 + 30 part	491127	92.218	1.004	22.94	260.72	6.19	219936	4290995	68648	68751	30549	32440	20	19	48	44
28099_2_52.contigs_spades	2213	1085	265	156	55	21	7718083	7084190	5566766	4763871	3209533	2040463	1679	235996	7527107	4641652	50.33	50.79	17034	39904	4421	21750	82	28	282	67	106	72	2170919	194	21	77 + 168 part	1825202	92.854	1.323	316.40	1970.24	30.42	178446	5690190	4306	13147	536	6143	271	87	1627	215
28099_2_56.contigs_spades	64	55	42	37	26	20	4984161	4978879	4938120	4909329	4712483	4500038	62	472246	4983261	4641652	50.63	50.79	268503	347809	149241	178292	7	6	13	11	166	25	4638098	171	5	13 + 40 part	1192265	81.426	1.003	8.93	2509.09	33.34	87171	3789733	26674	29517	2665	8405	54	48	166	121
28099_2_60.contigs_spades	102	89	66	56	43	29	4973007	4965220	4905316	4833546	4612962	4084699	97	337083	4971073	4641652	50.67	50.79	137198	171666	74134	95858	11	10	23	20	57	27	3178730	58	6	16 + 46 part	705585	91.498	1.004	12.39	646.71	11.28	247806	4259053	53377	60989	26744	33443	24	21	56	48
28099_2_64.contigs_spades	94	84	59	57	45	33	5116196	5110488	5041448	5026573	4835901	4388180	89	423863	5114166	4641652	50.49	50.79	122362	149484	79687	88691	11	10	24	20	56	29	3640226	49	9	13 + 45 part	824026	92.052	1.004	0.04	588.75	11.30	197621	4283998	63134	78629	25741	37020	24	21	54	43
28099_2_68.contigs_spades	2	2	0	0	0	0	5144	5144	0	0	0	0	2	3303	5144	4641652	48.25	50.79	3303	-	1841	-	1	-	2	-	-	-	-	-	-	2 + 0 part	5144	-	-	0.00	-	-	-	-	-	-	-	-	-	-	-	-
28099_2_72.contigs_spades	43	40	32	28	25	19	5396617	5395275	5373326	5344167	5305324	5105320	40	815363	5395275	4641652	57.20	50.79	324918	350361	221286	264850	6	5	11	9	0	0	0	0	11	21 + 18 part	5354603	0.846	1.036	14.25	3693.99	224.19	14146	40461	-	-	-	-	-	-	-	-
28099_2_76.contigs_spades	123	108	80	68	52	34	4904510	4894795	4811873	4721710	4471006	3862318	118	363489	4902419	4641652	50.88	50.79	106972	107064	55735	61550	15	14	31	28	56	28	2844895	69	5	27 + 47 part	703474	89.927	1.006	13.12	491.46	9.34	354576	4190979	60989	62795	22203	29081	24	22	57	49
28099_2_80.contigs_spades	73	67	57	50	38	29	5311221	5307742	5285352	5236732	5022291	4695438	72	536189	5310848	4641652	50.74	50.79	185396	188150	88116	113775	9	7	19	14	145	24	4282264	170	10	10 + 51 part	1496006	81.943	1.003	15.08	2504.99	37.23	112989	3813381	23720	27545	-	8951	61	48	-	121
28099_2_84.contigs_spades	100	80	63	57	44	31	4832227	4821562	4783066	4735818	4508956	4031198	92	275897	4829190	4641652	50.74	50.79	131868	131868	77922	81813	13	13	25	24	61	33	3175505	40	3	14 + 35 part	509256	92.658	1.004	18.76	277.97	6.23	219936	4314004	73157	75542	29988	32886	20	18	46	42
28099_2_88.contigs_spades	96	85	70	64	43	30	5167427	5160709	5127019	5078608	4736401	4247001	91	328509	5165387	4641652	50.59	50.79	143589	182049	72569	97324	12	10	25	20	114	35	4048842	126	8	11 + 55 part	1011477	88.878	1.007	9.74	1224.89	23.17	163038	4149990	38351	43628	10743	18505	39	33	98	71
28099_2_8.contigs_spades	81	73	55	52	42	32	4726414	4721373	4673213	4648954	4468201	4092216	79	254660	4725671	4641652	50.78	50.79	136558	136558	79030	79030	12	12	24	24	62	32	3405904	61	5	13 + 36 part	502999	90.737	1.003	7.15	652.18	11.09	227421	4218632	60233	60598	33961	34026	22	21	48	47
28099_2_92.contigs_spades	72	64	48	40	33	25	5143734	5138080	5099120	5046720	4927720	4633068	71	723266	5143250	4641652	50.50	50.79	185283	234945	133593	145478	7	6	15	13	102	27	4564934	148	2	18 + 37 part	929150	90.491	1.003	7.23	1279.91	22.31	226878	4211431	47935	54014	15478	27321	31	26	75	57
28099_2_96.contigs_spades	87	77	57	47	33	26	5440888	5435018	5381318	5308661	5083779	4818695	85	471778	5440239	4641652	50.53	50.79	210017	261944	109739	162382	9	7	18	13	140	21	4311976	171	8	40 + 39 part	1639295	81.744	1.002	19.45	2502.59	37.19	112989	3801032	23852	29239	-	8905	61	46	-	117
28099_2_97.contigs_spades	108	95	75	62	44	29	4797650	4790804	4738345	4641327	4334559	3802134	102	358741	4795494	4641652	50.88	50.79	130061	130061	61148	64262	12	12	26	24	59	29	2663241	69	6	14 + 44 part	608481	89.772	1.005	14.14	490.27	9.48	358616	4179240	61118	62795	24779	29081	22	21	53	48
